,Match Datetime,campaign,Competition,Team name,sc_ra,sc_ca,sc_la,sc_md,sc_md_pic,Midfield,Right defence,Central defence,Left defence,Right attack,Central attack,Left attack,ISP attack,ISP defence,Tactic,Tactic skill,Average goals,Formation,Defender_number,Mid_number,Forward_number,Actual goals,Style of play,Total exp,spex,Orders,HomeOrAway,Team name_,Midfield_,Right defence_,Central defence_,Left defence_,Right attack_,Central attack_,Left attack_,ISP attack_,ISP defence_,Tactic_,Tactic skill_,Average goals_,Formation_,Defender_number_,Mid_number_,Forward_number_,Actual goals_,Style of play_,Total exp_,spex_,Orders_,HomeOrAway_,id,Opponent,Match Date,Tactic short,Match Type,T_C,Indiv Order
0,2026-05-08 20:00:00,94,Europe Cup,Liechtenstein,14.2064,12.938,12.1769,14.6523,12.2991,10.25,22.0,23.25,22.75,14.0,12.75,12.0,9.0,12.0,Counter-attacks,21,0,4-4-2,4,4,2,1,-10,14,ZQUEUUTHQEQQQE,34001000.0,A,Lietuva,17.5,16.25,12.75,7.25,19.5,22.0,16.25,9.0,10.5,Normal,0,0,2-5-3,2,5,3,0,10,12,ZQUEEEQHUQHHPU,130003000,H,40821766,Lie,2026-05-08,CA,CC,442ca,NNN-MWNNO-NNN-
1,2026-05-01 20:00:00,94,Europe Cup,Liechtenstein,14.1592,7.6796,13.6792,10.7555,9.0282,7.5,23.5,26.5,24.75,14.75,8.0,14.25,8.25,12.0,Counter-attacks,26,0,5-3-2,5,3,2,0,-10,14,ZQUUUUTEQEQQEQ,3404300044.0,A,Danmark,17.25,17.25,17.75,18.0,15.75,18.0,18.25,10.0,12.0,Normal,0,0,3-4-3,3,4,3,2,5,15,UHEHEUQEHHQUPU,3000000,H,40821741,Dan,2026-05-01,CA,CC,hardca,NMWNWMN-N-NW-W
2,2026-04-27 20:00:00,94,Europe Cup,Liechtenstein,15.2521,19.8519,15.7362,17.4435,14.6421,13.5,16.0,13.25,15.75,15.75,20.5,16.25,9.75,11.5,Normal,0,0,2-5-3,2,5,3,2,0,14,ZUEEEQQHQHQPQQ,30103000.0,H,Bulgaria,7.75,22.0,23.25,23.5,16.5,8.25,16.0,10.0,12.25,Counter-attacks,24,0,5-3-2,5,3,2,1,-8,13,ZUUTQTUQEEQQEQ,4012144,A,40821719,Bul,2026-04-27,N,CC,bal,NN---NMNONMNNN
3,2026-04-24 20:00:00,94,Europe Cup,Liechtenstein,12.1374,13.9075,12.6431,20.6091,17.2993,16.25,18.5,17.25,18.25,12.0,13.75,12.5,9.25,11.75,Normal,0,0,3-5-2,3,5,2,5,0,14,ZUEUEQQHQHQEQW,103010300.0,A,San Marino,14.25,10.75,13.5,14.0,13.25,21.25,18.75,8.75,10.0,Normal,0,0,2-5-3,2,5,3,1,10,19,UEUEEUQQUQHPQQ,30000000,H,40821694,San,2026-04-24,N,CC,bal,NN-O-NMNONM-NN
4,2026-04-20 20:00:00,94,Europe Cup,Liechtenstein,12.0369,14.9153,12.2985,20.6757,17.3552,12.5,16.0,19.25,15.75,11.5,14.25,11.75,8.5,11.5,Normal,0,0,3-5-2,3,5,2,4,0,13,ZUEUEQQHHQQWQE,3133010300.0,A,England,11.75,16.5,16.5,17.75,15.25,18.5,17.0,10.0,11.75,Normal,0,0,3-4-3,3,4,3,1,2,13,ZUEQEUUEQHQUQP,3003000,H,40821670,Eng,2026-04-20,N,CC,bal,NM-O-MMNONMNN-
5,2026-04-17 20:00:00,94,Europe Cup,Liechtenstein,17.033,13.1618,16.7749,10.3204,8.663,6.75,20.25,20.5,20.0,16.5,12.75,16.25,9.25,11.5,Counter-attacks,20,0,4-3-3,4,3,3,1,-5,11,ZQUEQUQEQEQQPQ,3400010404.0,H,Lietuva,8.5,22.25,24.5,21.75,13.75,11.75,13.0,8.0,11.5,Counter-attacks,19,0,4-4-2,4,4,2,2,-10,11,ZQUEUUQQEHQWEH,0,A,40821646,Lie,2026-04-17,CA,CC,hardca,NMW-NNN-O-NWNW
6,2026-04-10 20:00:00,94,Friendly,Liechtenstein,,,,,,7.5,14.25,13.75,14.0,10.25,11.75,11.25,8.0,11.0,Play creatively,20,0,2-5-3,2,5,3,5,10,10,UHEEETTQQUUHWT,302.0,A,Dawlat Qatar,7.5,10.75,15.0,10.25,11.5,16.75,12.0,7.75,9.0,Counter-attacks,8,0,2-5-3,2,5,3,2,10,9,ZEQEHEQHPZQHUZ,0,H,40842010,Daw,2026-04-10,PC,F,att,NN---NNNNNNMND
7,2026-04-03 20:00:00,94,Friendly,Liechtenstein,,,,,,6.5,18.0,21.0,18.0,11.5,11.25,12.25,8.5,11.5,Counter-attacks,18,0,4-4-2,4,4,2,0,-10,11,ZQPEPPUTEQUQQE,0.0,A,Kenya,7.75,20.25,19.0,21.5,5.75,5.25,14.75,5.75,10.5,Play creatively,20,0,4-5-1,4,5,1,1,-10,9,ZUEPUQpTHUQEEQ,2040200404,H,40805433,Ken,2026-04-03,CA,F,442ca,NNN-NNNN-NNNN-
8,2026-03-27 20:00:00,92,Friendly,Liechtenstein,,,,,,5.0,15.75,15.75,16.25,9.25,11.75,11.75,6.75,9.5,Counter-attacks,17,0,4-3-3,4,3,3,1,-5,8,UQUEHQHEUEQPQP,1000.0,H,Barbados,9.0,15.0,16.0,14.5,9.5,8.0,14.5,7.25,10.75,Normal,0,0,4-5-1,4,5,1,2,0,20,ZZUEPUQHPUUEWE,40400,A,40698656,Bar,2026-03-27,CA,F,hardca,NNN-NNN-N-ONNN
9,2026-03-20 20:00:00,92,Friendly,Liechtenstein,,,,,,8.0,15.75,15.75,16.75,13.5,14.25,14.5,7.75,10.0,Normal,0,0,3-5-2,3,5,2,3,0,9,ZQEZEUHTUTTETQ,3001020.0,H,Myanmar,8.0,15.25,15.75,17.0,13.25,12.0,11.0,7.0,9.25,Normal,0,0,3-5-2,3,5,2,1,0,7,QHEZEHUHUpQEZW,102000,A,40373168,Mya,2026-03-20,N,F,bal,NN-N-NMNNON-DN
10,2026-03-13 20:00:00,92,Friendly,Liechtenstein,,,,,,4.5,18.5,23.0,21.5,10.25,10.0,11.25,8.5,11.75,Counter-attacks,19,0,5-3-2,5,3,2,1,-10,11,ZQZUPUHEHEQHQE,0.0,H,Schweiz,8.25,18.0,16.75,15.5,15.25,14.75,14.0,7.0,9.25,Counter-attacks,15,0,4-4-2,4,4,2,0,0,10,UUQEHHQHEUQEQU,3000,A,40214812,Sch,2026-03-13,CA,F,hardca,NNNNNNN-N-NNN-
11,2026-03-06 20:00:00,92,Nations Cup,Liechtenstein,14.4115,17.2423,13.6394,18.3028,15.3633,12.75,16.25,14.5,16.75,14.0,16.75,13.25,9.25,11.75,Normal,0,0,3-4-3,3,4,3,4,8,13,ZQEUEUTHEHQQQW,103113000.0,A,Pilipinas,9.25,21.0,23.0,20.75,10.0,12.5,14.0,9.75,13.0,Counter-attacks,18,0,4-4-2,4,4,2,1,-10,13,ZTQEHQHEpUUEQU,321000,H,40167963,Pil,2026-03-06,N,NC,343,NN-O-NMO-OMNNN
12,2026-02-27 20:00:00,92,Nations Cup,Liechtenstein,12.6761,11.9155,12.9296,12.0695,10.1311,10.0,22.5,25.25,22.75,12.5,11.75,12.75,9.75,13.0,Counter-attacks,20,0,4-4-2,4,4,2,3,-7,13,ZUUEUQQQEQTQQE,3420000000.0,H,Uruguay,14.0,16.75,16.5,16.25,16.0,18.75,16.0,8.5,10.75,Normal,0,0,3-4-3,3,4,3,4,3,15,ZUEUEQQUEHQTQW,3003000,A,40123098,Uru,2026-02-27,CA,NC,442ca,NMW-DNNN-NNNN-
13,2026-02-20 20:00:00,92,Nations Cup,Liechtenstein,15.9939,18.8316,12.1244,17.259,14.4872,14.0,15.75,14.75,11.75,15.5,18.25,11.75,10.25,11.75,Normal,0,0,2-5-3,2,5,3,1,0,13,ZQEEQETQHTQPQQ,130003000.0,H,Crna Gora,8.0,23.25,24.0,22.75,8.25,11.75,14.0,7.75,11.25,Counter-attacks,15,0,4-4-2,4,4,2,0,-10,13,ZPUEUZpHEHQEUW,3040221100,A,40079350,Crn,2026-02-20,N,NC,bal,NN--O-MNNNMNNN
14,2026-02-13 20:00:00,92,Nations Cup,Liechtenstein,12.8354,12.3115,12.0495,15.9487,13.3874,10.25,22.25,24.25,21.75,12.25,11.75,11.5,9.5,12.5,Counter-attacks,20,0,4-4-2,4,4,2,2,-10,13,ZQUEQUQHEQTEQW,0.0,A,Bangladesh,13.5,16.75,16.75,16.75,13.75,14.25,14.25,10.0,12.25,Normal,0,0,3-5-2,3,5,2,1,2,13,UHEUEUUQHHQPEQ,3000000,H,40032619,Ban,2026-02-13,CA,NC,442ca,NNN-NNNN-NN-NN
15,2026-02-06 20:00:00,92,Nations Cup,Liechtenstein,13.3809,17.2408,13.8956,19.3654,16.2553,15.75,15.25,16.25,16.75,13.0,16.75,13.5,10.0,12.25,Normal,0,0,3-5-2,3,5,2,0,0,14,ZQEUEUHHUUTWEH,3010300.0,A,Botswana,6.75,27.0,26.0,26.5,13.75,6.25,13.75,8.5,12.5,Normal,0,0,5-3-2,5,3,2,1,-10,17,ZUHUPUQEpEQQEQ,404202044,H,39989835,Bot,2026-02-06,N,NC,bal,NN-N-NMNONMN-N
16,2026-01-30 20:00:00,92,Nations Cup,Liechtenstein,13.0296,15.0342,14.2825,20.1582,16.9208,13.25,16.5,15.75,16.75,13.0,15.0,14.25,9.25,12.25,Normal,0,0,3-5-2,3,5,2,0,0,13,ZUEUEQHTUUTEWQ,103010300.0,A,Israel,7.75,22.25,24.5,23.5,17.25,7.0,17.75,7.0,11.0,Counter-attacks,19,0,4-4-2,4,4,2,1,-10,11,ZPUEZTUUEUQUEQ,2002144144,H,39946146,Isr,2026-01-30,N,NC,bal,NN-O-NMNONM-NN
17,2026-01-23 20:00:00,92,Nations Cup,Liechtenstein,13.2669,14.7977,14.0323,15.9948,13.4261,16.0,17.0,16.75,17.0,13.0,14.5,13.75,9.5,12.25,Normal,0,0,3-5-2,3,5,2,3,2,13,ZUEUEHHTUUTEQP,3010300.0,H,Senegal,14.75,16.5,16.25,17.25,13.75,16.0,13.5,8.75,11.0,Normal,0,0,3-5-2,3,5,2,1,2,14,ZHEHEUQUQHUEQH,10300,A,39899056,Sen,2026-01-23,N,NC,bal,NN-N-NMNONM-NN
18,2026-01-16 20:00:00,92,Nations Cup,Liechtenstein,16.3362,7.4255,16.8312,12.4925,10.4862,8.75,22.75,23.0,22.25,16.5,7.5,17.0,9.75,13.25,Counter-attacks,21,0,4-4-2,4,4,2,0,-10,13,ZHUEUUQTEHQQEQ,43044044.0,A,Jamaica,8.25,25.5,26.25,22.5,18.5,9.25,5.25,10.5,13.25,Counter-attacks,25,0,5-3-2,5,3,2,1,-10,13,ZHUPTUQHQEEHEQ,400210040,H,39851619,Jam,2026-01-16,CA,NC,442ca,NNN-WMNW-WNW-W
19,2026-01-09 20:00:00,92,Nations Cup,Liechtenstein,17.3005,7.522,16.7991,13.2078,11.0866,9.25,21.5,22.5,21.75,17.25,7.5,16.75,9.5,12.5,Counter-attacks,20,0,4-4-2,4,4,2,1,-9,13,ZQUEUUQHETHQEQ,43044044.0,A,Cameroon,9.5,21.75,22.75,21.0,16.75,8.75,14.0,8.5,11.75,Counter-attacks,18,0,4-4-2,4,4,2,0,-9,14,UTTEUUQUEUQQEQ,2002041044,H,39805702,Cam,2026-01-09,CA,NC,442ca,NNN-WMNW-WNW-W
20,2026-01-02 20:00:00,92,Nations Cup,Liechtenstein,14.9102,9.1946,17.8922,13.9276,11.6908,9.75,22.0,23.5,22.75,15.0,9.25,18.0,9.5,12.75,Counter-attacks,19,0,4-4-2,4,4,2,0,-10,13,ZQUEUUQHETHEWQ,43044004.0,A,Kyrgyzstan,11.25,21.25,24.0,21.0,11.75,12.5,11.5,8.25,11.25,Counter-attacks,16,0,4-4-2,4,4,2,0,-10,16,UUHEUQUQEHQEHP,300300,H,39747555,Kyr,2026-01-02,CA,NC,442ca,NNN-WMNW-WN-NW
21,2025-12-26 20:00:00,92,Nations Cup,Liechtenstein,12.8469,12.0912,12.0912,15.0228,12.6102,10.5,22.0,23.25,22.0,12.75,12.0,12.0,9.75,13.0,Counter-attacks,19,0,4-4-2,4,4,2,1,-10,13,ZUUEUQTUEHHHQE,3400010000.0,A,Dhivehi Raajje,13.0,21.5,22.75,24.0,11.25,12.25,12.75,8.75,12.0,Counter-attacks,19,0,4-4-2,4,4,2,0,-10,13,ZQTEQHQHEUQEQP,4300300,H,39714632,Dhi,2025-12-26,CA,NC,442ca,NMW-NNNO-NNNN-
22,2025-12-19 20:00:00,92,Nations Cup,Liechtenstein,15.6184,19.715,12.2899,20.4823,17.1929,14.25,15.25,14.0,11.5,15.25,19.25,12.0,9.5,11.25,Normal,0,0,2-5-3,2,5,3,5,0,11,ZUEEUEHUHUTQQW,131003000.0,A,Guatemala,15.0,16.75,15.25,16.5,13.75,15.75,12.5,9.0,11.5,Normal,0,0,3-5-2,3,5,2,3,-1,11,ZQEHEQPHHTUQEQ,103101300,H,39684737,Gua,2025-12-19,N,NC,bal,NN--O-MONNMNNN
23,2025-12-12 20:00:00,92,Nations Cup,Liechtenstein,14.5798,19.8588,16.0881,18.8607,15.8316,13.0,15.25,12.25,15.25,14.5,19.75,16.0,9.75,11.5,Normal,0,0,2-5-3,2,5,3,2,0,12,ZUEEEQQHUUHWQQ,30103000.0,A,Misr,9.25,21.5,23.75,22.0,13.25,12.0,13.5,9.0,12.25,Counter-attacks,19,0,4-4-2,4,4,2,3,-10,14,ZHHEQTQQEZUQEH,0,H,39648688,Mis,2025-12-12,N,NC,bal,NN---NMNONMNNN
24,2025-12-05 20:00:00,92,Nations Cup,Liechtenstein,13.6949,15.7238,13.4413,18.9418,15.8997,12.75,17.75,17.25,17.25,13.5,15.5,13.25,8.75,12.0,Normal,0,0,3-5-2,3,5,2,2,0,12,ZQEUEUHUUUQEQW,3001300.0,A,France,9.5,22.5,24.0,22.75,13.25,12.75,13.25,9.25,12.25,Counter-attacks,17,0,4-4-2,4,4,2,1,-10,12,ZPPEHHHQEQUHEP,43000000,H,39494968,Fra,2025-12-05,N,NC,bal,NN-N-NMNNOM-NN
25,2025-11-28 20:00:00,92,Nations Cup,Liechtenstein,12.6457,13.4199,13.1618,12.1749,10.2196,9.25,21.0,21.75,20.75,12.25,13.0,12.75,8.5,11.75,Counter-attacks,18,0,4-4-2,4,4,2,1,-8,12,ZUQEUUHUEUHHEP,3400001000.0,H,Al Iraq,7.25,21.0,23.25,21.25,14.5,13.75,14.5,10.0,12.5,Counter-attacks,17,0,4-3-3,4,3,3,0,-6,11,ZHPEQQQEHEQHWQ,20000,A,39137275,Al ,2025-11-28,CA,NC,442ca,NMW-NNNN-ONN-N
26,2025-11-21 20:00:00,92,Nations Cup,Liechtenstein,15.2264,21.6783,16.0007,16.1958,13.5948,11.5,13.5,11.25,14.0,14.75,21.0,15.5,9.5,11.25,Normal,0,0,2-5-3,2,5,3,1,3,12,ZUEEEUQUHUHPQH,31013000.0,H,Azerbaycan,4.5,22.0,21.5,20.5,17.0,7.0,5.0,5.0,9.75,Counter-attacks,17,0,5-3-2,5,3,2,1,-10,8,ZUUQUUQQEpEQWE,404204240,A,39063255,Aze,2025-11-21,N,NC,bal,NN---NMONOMNNN
27,2025-11-14 20:00:00,92,Nations Cup,Liechtenstein,14.4522,19.0976,14.7103,15.6718,13.1549,10.25,16.25,14.25,15.0,14.0,18.5,14.25,9.0,11.0,Normal,0,0,3-4-3,3,4,3,1,0,11,ZUEUEUQUEUHPQH,103013000.0,H,Việt Nam,7.75,20.5,22.25,20.75,13.75,9.5,13.0,8.75,11.75,Counter-attacks,17,0,4-4-2,4,4,2,1,-10,11,ZUSEZHQHETZQEQ,44000,A,39042437,Việ,2025-11-14,N,NC,343,NN-O-NMN-OMNNN
28,2025-11-07 20:00:00,92,Friendly,Liechtenstein,,,,,,7.75,20.0,21.75,20.0,12.75,5.0,7.25,5.5,9.75,Normal,0,0,4-5-1,4,5,1,2,-10,8,UTHEZTQTUHQQEE,40034.0,A,Tounes,7.25,18.5,18.5,18.25,14.25,8.75,6.25,7.0,9.5,Play creatively,19,0,4-5-1,4,5,1,0,-10,9,ZQQETZUHPQUPEE,420204000,H,39006379,Tou,2025-11-07,N,F,AoD,NNN-NNNWNNMW--
29,2025-10-31 20:00:00,92,Friendly,Liechtenstein,,,,,,8.0,19.0,19.25,16.5,12.0,10.5,11.0,8.5,11.75,Normal,0,0,3-5-2,3,5,2,1,0,11,ZQETEUTUUHUEQW,10000.0,A,Osterreich,8.0,16.0,15.5,16.0,13.5,11.75,14.0,8.5,9.75,Normal,0,0,3-5-2,3,5,2,2,0,10,UUEUEUHQQUHUEP,40,H,38953150,Ost,2025-10-31,N,F,bal,NN-N-NNNONN-NN
30,2025-10-24 20:00:00,92,Europe Cup,Liechtenstein,12.5574,13.1033,12.5574,14.1741,11.8977,12.0,21.5,23.5,22.0,11.5,12.0,11.5,10.25,13.0,Counter-attacks,20,0,4-4-2,4,4,2,1,-10,12,ZQHEQUQQEQQEQH,10000.0,A,Turkiye,17.75,15.5,16.25,16.5,11.25,16.25,16.75,9.5,11.75,Normal,0,0,3-4-3,3,4,3,3,0,13,ZTETEQQEUTQQQP,3103110000,H,38539603,Tur,2025-10-24,CA,CC,442ca,NNN-NNNO-NN-NN
31,2025-10-17 20:00:00,92,Europe Cup,Liechtenstein,13.7688,16.5226,12.6673,17.6043,14.777,17.0,16.25,16.0,15.25,12.5,15.0,11.5,9.5,12.25,Normal,0,0,3-5-2,3,5,2,1,0,14,ZUEHEUHQUHQHEP,3010300.0,H,Severna Makedonija,17.0,13.25,16.75,15.0,14.0,14.25,7.5,8.5,11.5,Normal,0,0,3-5-2,3,5,2,2,5,13,ZHEPEHQHUpHEWH,1133112300,A,38539582,Sev,2025-10-17,N,CC,bal,NN-N-NMNONMN-N
32,2025-10-10 20:00:00,92,Europe Cup,Liechtenstein,16.6871,7.6596,17.5077,13.6329,11.4435,8.75,22.0,23.25,21.75,15.25,7.0,16.0,9.25,12.5,Counter-attacks,20,0,4-4-2,4,4,2,0,-10,13,ZUQEHQQHEQQQEH,44044.0,A,Eesti,14.5,14.5,12.75,14.25,15.75,18.5,15.0,8.75,10.25,Normal,0,0,2-5-3,2,5,3,2,10,13,UQEEEUUHHUQQQP,30003000,H,38539557,Ees,2025-10-10,CA,CC,442ca,NNN-NNNW-WNW-W
33,2025-10-03 20:00:00,92,Europe Cup,Liechtenstein,5.6515,4.8441,17.2236,12.3147,10.337,10.0,28.25,27.5,26.0,5.25,4.5,16.0,8.5,13.5,Normal,0,0,5-4-1,5,4,1,1,-10,13,ZTHQHUQEQQQEEH,2004022414.0,A,Slovensko,16.25,17.75,16.25,13.75,15.5,17.25,16.5,11.5,13.25,Normal,0,0,2-5-3,2,5,3,4,3,17,ZUEUEEUHUHHQQU,30140000,H,38539532,Slo,2025-10-03,N,CC,AoD,NDNNWND-DWO--W
34,2025-09-26 20:00:00,92,Europe Cup,Liechtenstein,16.6135,7.5516,16.3618,12.4223,10.4273,9.75,22.25,23.5,22.75,16.5,7.5,16.25,9.25,12.5,Counter-attacks,21,0,4-4-2,4,4,2,0,-10,13,ZQHEQUQQEHQQEH,40444.0,H,Danmark,16.0,19.75,19.25,19.25,15.75,10.0,15.0,9.5,12.5,Play creatively,28,0,3-5-2,3,5,2,4,0,22,UHEUEUUHHHUTEH,400324,A,38539508,Dan,2025-09-26,CA,CC,442ca,NNN-NNNW-NWW-W
35,2025-09-19 20:00:00,92,Europe Cup,Liechtenstein,14.8342,7.6729,14.0669,13.8071,11.5897,13.75,21.75,24.0,22.5,14.5,7.5,13.75,9.25,12.75,Counter-attacks,20,0,4-4-2,4,4,2,1,-10,13,ZUQETQQQEQHHEQ,40044.0,H,Turkiye,7.5,23.25,26.0,22.5,16.5,15.5,6.25,9.5,11.75,Counter-attacks,23,0,5-2-3,5,2,3,0,-10,13,ZUTTZQUUEEEQQT,211000,A,38539484,Tur,2025-09-19,CA,CC,442ca,NNN-NNNW-NNW-W
36,2025-09-15 20:00:00,92,Europe Cup,Liechtenstein,12.6527,12.6527,13.1799,15.4914,13.0035,10.0,22.25,24.25,22.25,12.0,12.0,12.5,8.0,12.0,Counter-attacks,20,0,4-4-2,4,4,2,2,-10,12,ZQHETPQEQQQHQE,1000.0,A,Severna Makedonija,15.0,14.25,14.5,16.0,14.25,17.75,20.25,8.75,10.75,Normal,0,0,3-4-3,3,4,3,0,4,13,ZHEHEQHETQQHUH,3140000,H,38539462,Sev,2025-09-15,CA,CC,442ca,NNN-NNN-NONNN-
37,2025-09-12 20:00:00,92,Europe Cup,Liechtenstein,15.9058,19.0348,10.6908,18.7765,15.761,17.75,17.0,14.0,9.25,15.25,18.25,10.25,9.25,11.0,Normal,0,0,2-5-3,2,5,3,2,0,12,ZQEHEEHQHQQPQH,131003000.0,H,Eesti,9.75,21.5,23.25,21.25,13.25,12.75,13.0,9.25,12.0,Counter-attacks,18,0,4-4-2,4,4,2,3,-10,12,ZUUEHTQUEHQWQE,0,A,38539437,Ees,2025-09-12,N,CC,bal,NN-O--MONNMNNN
38,2025-09-08 20:00:00,92,Europe Cup,Liechtenstein,11.2373,14.3732,13.5892,18.28,15.3442,13.25,17.75,17.75,17.75,10.75,13.75,13.0,8.75,11.5,Normal,0,0,3-5-2,3,5,2,0,0,13,ZPEHEQQQQUHEQP,2003000300.0,H,Slovensko,9.25,21.25,23.5,21.25,14.75,13.75,13.75,10.5,13.75,Counter-attacks,19,0,4-4-2,4,4,2,0,-8,14,ZUHEQHQQQEHEQQ,10000,A,38539414,Slo,2025-09-08,N,CC,bal,ND-N-NMNNNM-NN
39,2025-09-05 20:00:00,92,Europe Cup,Liechtenstein,11.6134,13.1618,11.3553,20.6223,17.3103,11.25,18.0,17.5,19.0,11.25,12.75,11.0,8.75,11.75,Normal,0,0,3-5-2,3,5,2,2,-5,12,ZQEHEPQHQUQWQE,123300000.0,A,Danmark,11.75,17.75,16.25,15.5,16.0,19.25,15.0,10.25,11.75,Normal,0,0,3-4-3,3,4,3,3,0,20,UUEUEHUEHUHPHU,103003000,H,38539388,Dan,2025-09-05,N,CC,bal,NN-O-DMMNNNNN-
40,2025-08-29 20:00:00,92,Friendly,Liechtenstein,,,,,,8.5,14.75,14.75,14.25,15.25,15.75,8.5,8.5,10.25,Normal,0,0,3-4-3,3,4,3,4,0,10,ZQEQEQTHQTEWQU,0.0,A,Nederland,9.25,9.25,8.0,4.0,15.0,18.25,12.5,10.25,8.25,Play creatively,21,0,2-5-3,2,5,3,3,10,11,QTEQEEQTHUUQPP,30000000,H,38552517,Ned,2025-08-29,N,F,343,NN-N-NNNNN-NNN
41,2025-08-22 20:00:00,92,Friendly,Liechtenstein,,,,,,0.75,0.75,0.75,0.75,0.75,0.75,0.75,0.75,0.75,Normal,0,0,0-0-0,0,0,0,0,0,0,EEEEEEEEEEEEEE,,A,Al Iraq,0.75,0.75,0.75,0.75,0.75,0.75,0.75,0.75,0.75,Pressing,0,0,4-5-1,4,5,1,5,-10,7,ZZPETUQpUHTEEQ,2040320400,H,38515891,Al ,2025-08-22,N,F,bal,--------------
42,2025-08-15 20:00:00,90,Friendly,Liechtenstein,,,,,,6.75,6.75,10.75,13.5,11.75,17.0,14.25,7.5,9.25,Play creatively,20,0,2-5-3,2,5,3,5,10,10,UEEPEUUUQHTQQQ,1031000000.0,H,Hong Kong,7.5,10.25,10.0,8.5,10.0,10.75,10.0,8.5,8.75,Normal,0,0,3-5-2,3,5,2,2,0,9,ZUEZEHQUPUHEWH,0,A,38469797,Hon,2025-08-15,PC,F,AoA,N--O-NMONNNNNN
43,2025-08-08 20:00:00,90,Friendly,Liechtenstein,,,,,,5.75,18.0,21.0,18.0,12.25,11.0,11.25,6.75,10.5,Counter-attacks,20,0,5-3-2,5,3,2,1,0,9,UQTTTHTETEPTET,1000.0,A,Cameroon,5.25,23.0,26.0,23.0,9.75,10.5,11.25,7.0,10.75,Counter-attacks,22,0,5-3-2,5,3,2,1,-10,10,ZUUHUTQEUEQUEH,2000200000,H,38151780,Cam,2025-08-08,CA,F,hardca,NNNNNNN-O-NN-N
44,2025-08-01 20:00:00,90,Friendly,Liechtenstein,,,,,,5.25,22.0,26.25,23.75,11.25,4.75,7.75,6.5,10.75,Pressing,14,0,5-4-1,5,4,1,0,-10,10,ZPPPQQTTEUUQEE,200204.0,H,Barbados,9.5,16.75,16.5,15.5,12.75,12.25,11.5,6.75,10.25,Normal,0,0,3-5-2,3,5,2,0,0,10,ZUEQEUQQpHQQWE,20000,A,37945863,Bar,2025-08-01,Pr,F,AoD,NNNNNDNN-DNW--
45,2025-07-25 20:00:00,90,Nations Cup,Liechtenstein,17.119,7.6911,17.6152,13.601,11.4167,8.5,21.75,23.0,21.25,17.25,7.75,17.75,8.75,12.5,Counter-attacks,19,0,4-4-2,4,4,2,0,-10,13,ZUUEHUHHEQQQEH,44044.0,A,Hellas,16.25,18.0,19.75,17.5,13.0,12.75,10.25,8.0,11.25,Normal,0,0,3-5-2,3,5,2,2,-2,12,UHEPEUQQQHQUTE,133100302,H,37909384,Hel,2025-07-25,CA,NC,442ca,NNN-NNNW-WNW-W
46,2025-07-18 20:00:00,90,Nations Cup,Liechtenstein,14.0999,17.6249,12.0856,16.7071,14.024,15.75,17.5,15.25,11.5,14.0,17.5,12.0,9.5,11.5,Normal,0,0,2-5-3,2,5,3,4,0,12,ZUEHEEQHQUHHQP,130003000.0,H,Côte d'Ivoire,15.75,15.75,15.5,14.5,14.5,13.5,11.5,9.5,11.5,Normal,0,0,3-5-2,3,5,2,2,0,14,ZHHEEZUHQHTETW,1100000320,A,37868621,Côt,2025-07-18,N,NC,bal,NN-O--MNNNMNNN
47,2025-07-11 20:00:00,90,Nations Cup,Liechtenstein,13.2412,12.4917,12.9913,12.7942,10.7395,9.5,22.0,23.75,22.0,13.25,12.5,13.0,8.5,11.75,Counter-attacks,20,0,4-4-2,4,4,2,1,-10,13,ZHHEUUQQEQTHQE,0.0,H,Oceania,15.25,17.75,17.25,18.25,13.5,14.0,14.5,8.75,11.75,Normal,0,0,3-5-2,3,5,2,1,0,15,ZQETEUUQQUQWEH,3000000,A,37826932,Oce,2025-07-11,CA,NC,442ca,NNN-NNNN-NNNN-
48,2025-07-04 20:00:00,90,Nations Cup,Liechtenstein,11.6266,12.1214,11.3792,16.3998,13.766,12.75,21.75,24.25,21.75,11.75,12.25,11.5,8.5,12.0,Counter-attacks,21,0,4-4-2,4,4,2,3,-10,12,ZHUEHUHQEHQQEQ,300300.0,A,Hanguk,15.75,16.0,13.0,7.75,19.0,18.5,12.25,8.25,10.25,Normal,0,0,2-5-3,2,5,3,3,6,14,UHZEEEZQHHUPQQ,134003000,H,37784549,Han,2025-07-04,CA,NC,442ca,NNN-NNMN-NMN-N
49,2025-06-27 20:00:00,90,Nations Cup,Liechtenstein,10.6969,12.9358,10.6969,17.3807,14.5894,12.75,18.5,23.0,18.75,10.75,13.0,10.75,8.75,11.5,Normal,0,0,3-5-2,3,5,2,2,-10,12,ZUEHEHTQUHQHPE,3133000300.0,H,Lubnan,14.25,15.0,13.5,11.0,18.75,17.5,11.75,8.25,9.75,Normal,0,0,2-5-3,2,5,3,1,0,15,ZUEEUEHQHQQQQW,134003000,A,37741966,Lub,2025-06-27,N,NC,AoD,NM-O-MMNNNMNN-
50,2025-06-20 20:00:00,90,Nations Cup,Liechtenstein,11.5278,13.8333,11.5278,20.5743,17.2701,15.75,17.25,21.0,17.25,11.25,13.5,11.25,8.5,11.25,Normal,0,0,3-5-2,3,5,2,4,0,12,ZUEUEHTQHUQWEH,3133000300.0,A,Severna Makedonija,13.75,15.0,13.75,15.5,17.0,18.25,14.5,8.25,10.5,Normal,0,0,3-4-3,3,4,3,1,7,13,ZQEPEHQHEHHPUH,0,H,37702061,Sev,2025-06-20,N,NC,bal,NM-O-MMNNNMN-N
51,2025-06-13 20:00:00,90,Nations Cup,Liechtenstein,15.248,18.3493,15.7649,14.8713,12.483,14.5,16.5,13.75,15.75,14.75,17.75,15.25,9.0,10.75,Normal,0,0,2-5-3,2,5,3,5,0,12,ZUEEEUTQUQQPQH,30003000.0,H,Panama,12.5,11.0,14.0,13.75,16.5,15.5,20.5,9.25,10.25,Normal,0,0,2-5-3,2,5,3,4,0,12,ZEUEEPUUUUUQWS,404,A,37661632,Pan,2025-06-13,N,NC,bal,NN---NMNNNMNNN
52,2025-06-06 20:00:00,90,Nations Cup,Liechtenstein,18.3107,12.7157,14.7503,18.2587,15.3264,12.0,17.75,13.5,15.0,18.0,12.5,14.5,8.75,11.0,Attack in wings,24,0,3-5-2,3,5,2,1,0,12,ZUEUEUTQUQQQEH,100000044.0,A,Paraguay,7.75,23.0,24.5,23.0,18.25,4.25,6.25,7.75,11.25,Counter-attacks,18,0,5-4-1,5,4,1,2,-7,10,ZHUHHUUHEpHQEE,2400214234,H,37619627,Par,2025-06-06,AOW,NC,bal,NN-O-NNNNNNW-W
53,2025-05-30 20:00:00,90,Nations Cup,Liechtenstein,13.5519,15.0303,14.0447,15.997,13.4279,16.0,17.75,17.5,17.75,13.75,15.25,14.25,8.5,11.25,Normal,0,0,3-5-2,3,5,2,0,0,12,ZUEUEUTQQQQQPE,3000300.0,H,Moçambique,16.25,18.25,19.25,18.0,11.75,12.5,12.5,8.5,12.25,Normal,0,0,3-5-2,3,5,2,1,0,15,ZQEQEPQHQUUEWQ,103000300,A,37575348,Moç,2025-05-30,N,NC,bal,NN-N-NMNNNMNN-
54,2025-05-23 20:00:00,90,Nations Cup,Liechtenstein,19.9366,7.7801,17.7484,11.4278,9.5925,8.0,21.25,22.75,21.75,20.5,8.0,18.25,8.0,11.5,Counter-attacks,18,0,4-4-2,4,4,2,2,-10,12,ZUUEQUTHEQHQEH,43144144.0,A,Venezuela,9.0,23.0,23.0,24.0,13.75,6.5,13.5,8.0,11.75,Counter-attacks,18,0,4-5-1,4,5,1,2,-10,14,ZQTEQUHHpHQETE,2040032442,H,37517113,Ven,2025-05-23,CA,NC,442ca,NNN-WMOW-WOW-W
55,2025-05-16 20:00:00,90,Nations Cup,Liechtenstein,12.6442,12.8874,14.1032,11.9336,10.0171,10.0,22.25,22.75,21.75,13.0,13.25,14.5,8.0,11.25,Counter-attacks,20,0,4-4-2,4,4,2,3,-10,12,ZUQEUUQEQQHEQH,3400010000.0,H,San Marino,16.0,15.5,16.75,16.5,14.5,17.25,15.25,8.0,10.5,Normal,0,0,3-5-2,3,5,2,2,5,15,ZHEUEUQQHQQWQE,3000300,A,37489563,San,2025-05-16,CA,NC,442ca,NMW-NNN-ONN-NN
56,2025-05-09 20:00:00,90,Nations Cup,Liechtenstein,13.0189,13.0189,13.5102,15.0922,12.6684,10.5,21.5,22.75,21.5,13.25,13.25,13.75,8.25,11.5,Counter-attacks,20,0,4-4-2,4,4,2,1,-10,11,ZUUEUUQQEQHEQH,10000.0,A,Costa Rica,8.25,24.25,22.25,22.25,16.5,7.5,16.0,8.0,11.75,Counter-attacks,18,0,4-4-2,4,4,2,0,-8,12,ZTHEUHUEpUUQEQ,402024044,H,37461515,Cos,2025-05-09,CA,NC,442ca,NNN-NNNO-NN-NN
57,2025-05-02 20:00:00,90,Nations Cup,Liechtenstein,12.7554,13.7966,12.495,13.9162,11.6813,11.5,14.25,12.25,14.75,12.25,13.25,12.0,8.75,11.0,Play creatively,23,0,2-5-3,2,5,3,6,10,13,ZUEEEUQQUQHPPH,1110000.0,H,Tahiti,7.0,7.5,9.25,8.0,15.25,10.75,8.25,6.25,7.0,Normal,0,0,2-5-3,2,5,3,0,10,4,QTEEHEQHZTQUHW,1010003400,A,37431090,Tah,2025-05-02,PC,NC,att,NN---NNOOONNNN
58,2025-04-25 20:00:00,90,Nations Cup,Liechtenstein,13.8456,14.6293,13.0619,19.6846,16.5232,13.25,17.5,17.75,18.0,13.25,14.0,12.5,9.0,11.75,Normal,0,0,3-5-2,3,5,2,2,0,12,ZUEUEUHQUQQEWH,3000300.0,A,Misr,10.5,20.75,22.25,21.0,14.25,8.75,17.5,8.5,11.5,Counter-attacks,16,0,4-4-2,4,4,2,2,-10,14,ZPHEQTUZETQHEQ,14044,H,37289278,Mis,2025-04-25,N,NC,bal,NN-N-NMNNNM-NN
59,2025-04-18 20:00:00,90,Nations Cup,Liechtenstein,12.3249,19.2912,16.3439,19.7253,16.5574,12.5,11.0,13.0,14.25,11.5,18.0,15.25,8.25,10.5,Normal,0,0,2-5-3,2,5,3,1,0,11,ZEUEEUQUQQHWQH,1030113000.0,A,Pakistan,6.0,24.25,23.75,23.5,15.0,6.5,6.25,7.5,11.5,Counter-attacks,20,0,5-3-2,5,3,2,0,-10,9,ZZHSHHUQPEEHEQ,1404212440,H,36941527,Pak,2025-04-18,N,NC,bal,N-O--NMNOOMNNN
60,2025-04-11 20:00:00,90,Nations Cup,Liechtenstein,11.9653,13.2948,12.4971,16.1958,13.5948,11.5,17.25,16.75,17.25,11.25,12.5,11.75,8.0,11.0,Play creatively,22,0,3-5-2,3,5,2,0,-10,12,ZUEUEQHQUQQEQH,103000300.0,H,Trinidad & Tobago,5.75,23.75,25.25,25.0,14.5,6.25,12.75,7.25,10.75,Counter-attacks,20,0,5-3-2,5,3,2,1,-10,11,ZZHQTTQQEEQUET,2004204044,A,36872584,Tri,2025-04-11,PC,NC,PC,NN-O-NMNNNM-NN
61,2025-04-04 20:00:00,90,Nations Cup,Liechtenstein,12.6457,13.4199,14.4522,12.9961,10.9089,8.5,21.25,23.0,21.5,12.25,13.0,14.0,7.75,11.25,Counter-attacks,20,0,4-4-2,4,4,2,0,-10,12,ZQUEUUQEQQHHEP,1000.0,H,Magyarország,10.75,19.0,20.25,18.75,12.5,12.0,12.25,9.25,12.25,Normal,0,0,3-5-2,3,5,2,2,2,11,ZHETEQQUHUQEHU,3000300,A,36853853,Mag,2025-04-04,CA,NC,442ca,NNN-NNN-NONN-N
62,2025-03-28 20:00:00,90,Friendly,Liechtenstein,,,,,,9.0,4.75,12.0,8.0,8.75,17.0,11.5,7.75,7.75,Play creatively,22,0,2-5-3,2,5,3,1,10,10,ZEETTEZHQpUUUU,30023000.0,A,Bosna i Hercegovina,5.0,16.5,15.25,15.25,11.25,12.75,11.25,7.25,9.5,Play creatively,21,0,3-5-2,3,5,2,5,0,8,ZZEZEHUQHUQPET,1000,H,36825398,Bos,2025-03-28,PC,F,AoA,N--NN-MNNDMNNN
63,2025-03-21 20:00:00,90,Friendly,Liechtenstein,,,,,,8.75,9.75,14.0,16.25,10.75,15.5,13.5,8.25,9.75,Normal,0,0,2-5-3,2,5,3,4,0,11,ZEETEQTTQUHWQQ,0.0,A,Barbados,6.5,15.5,18.0,17.25,11.25,10.5,11.75,7.75,10.25,Normal,0,0,4-4-2,4,4,2,1,0,10,ZZPEHHQQEHQTEP,0,H,36774002,Bar,2025-03-21,N,F,bal,N--N-NNNNNNNNN
64,2025-03-14 20:00:00,90,Europe Cup,Liechtenstein,24.369,14.7285,24.1012,12.8972,10.8259,12.75,13.25,8.75,13.25,22.75,13.75,22.5,8.25,10.25,Attack in wings,24,0,2-5-3,2,5,3,1,10,12,UUEEEUHQHQHUQH,4041404.0,H,Scotland,5.75,24.0,26.5,25.0,13.5,10.0,13.25,7.25,11.5,Counter-attacks,20,0,5-3-2,5,3,2,1,-10,13,ZQUQUHHEEpUQEU,400002000,A,36370684,Sco,2025-03-14,AOW,CC,att,NN---NNWNWOWNW
65,2025-03-07 20:00:00,90,Europe Cup,Liechtenstein,12.2071,11.9473,11.9473,15.0675,12.6477,11.75,21.75,24.25,21.75,11.75,11.5,11.5,8.0,11.5,Counter-attacks,19,0,4-4-2,4,4,2,1,-10,11,ZUUEUUHQEHQEQQ,300300.0,A,Italia,17.75,14.5,12.0,15.25,16.0,20.25,16.25,9.0,10.5,Normal,0,0,2-5-3,2,5,3,4,10,15,ZUEEEUQQHQQQQP,31113000,H,36370660,Ita,2025-03-07,CA,CC,442ca,NNN-NNMN-NM-NN
66,2025-02-28 20:00:00,90,Europe Cup,Liechtenstein,20.4772,18.8816,15.1585,15.5642,13.0646,15.5,15.5,12.0,15.0,19.25,17.75,14.25,8.5,10.25,Normal,0,0,2-5-3,2,5,3,1,0,12,ZUEEEUHQTHQPQQ,4103000.0,H,Latvija,6.0,25.25,26.0,25.0,17.75,6.75,16.0,10.25,14.0,Counter-attacks,26,0,5-3-2,5,3,2,0,-10,13,ZUUUHUQQEEQQEQ,4004044,A,36370634,Lat,2025-02-28,N,CC,bal,NN---NNWONMNNN
67,2025-02-21 20:00:00,90,Europe Cup,Liechtenstein,18.1487,5.5235,8.1538,12.9979,10.9105,9.0,26.5,26.5,24.25,17.25,5.25,7.75,7.25,12.0,Counter-attacks,24,0,5-4-1,5,4,1,0,-10,11,ZUPUUUQQQEHQEE,420004004.0,A,Moldova,17.0,16.0,15.75,15.75,14.5,16.75,14.25,8.0,10.5,Normal,0,0,3-5-2,3,5,2,1,4,13,ZQEHEZQUHQQPEU,3000300,H,36370613,Mol,2025-02-21,CA,CC,hardca,NNWDNNNWN-NW--
68,2025-02-14 20:00:00,90,Europe Cup,Liechtenstein,11.1315,9.8371,18.6387,12.5845,10.5634,10.25,22.0,23.25,21.75,10.75,9.5,18.0,8.0,11.25,Counter-attacks,19,0,4-4-2,4,4,2,0,-10,11,ZUUEUUQEQQHEPQ,4004.0,H,Česká republika,11.25,20.75,23.75,21.5,12.25,12.75,13.0,10.25,12.75,Counter-attacks,19,0,4-4-2,4,4,2,1,-5,16,UUQEUUUQEQQEQU,300300,A,36370587,Čes,2025-02-14,CA,CC,442ca,NNN-NNN-NWN-NW
69,2025-02-07 20:00:00,90,Europe Cup,Liechtenstein,12.183,14.2567,13.2198,20.0037,16.7911,17.5,17.0,16.5,17.25,11.75,13.75,12.75,8.25,11.0,Normal,0,0,3-5-2,3,5,2,1,0,10,ZQEUEUQUQHHHEW,2103000300.0,A,Scotland,17.75,17.25,17.75,17.25,14.0,13.25,14.75,8.5,11.75,Normal,0,0,3-5-2,3,5,2,1,0,14,ZUEUEHHUHHUETU,3000320,H,36370563,Sco,2025-02-07,N,CC,bal,ND-O-NMNNNMN-N
70,2025-02-03 20:00:00,90,Europe Cup,Liechtenstein,11.2326,13.3722,11.5001,18.1719,15.2535,15.5,16.75,21.5,17.25,10.5,12.5,10.75,8.75,11.75,Normal,0,0,3-5-2,3,5,2,2,0,10,ZUEUEQQQQHHPEH,3133000300.0,H,Italia,11.25,22.0,24.0,21.75,13.25,12.25,13.25,8.25,11.5,Counter-attacks,20,0,4-4-2,4,4,2,0,-10,14,ZHUEUUQQEQQEQW,0,A,36370540,Ita,2025-02-03,N,CC,bal,NM-O-MMNNNMN-N
71,2025-01-31 20:00:00,90,Europe Cup,Liechtenstein,15.8864,5.2042,3.8346,14.3519,12.047,9.5,25.25,30.0,24.0,14.5,4.75,3.5,8.25,12.75,Counter-attacks,23,0,5-4-1,5,4,1,1,-10,10,UUQUUZQHHpEHEE,3400204024.0,A,Latvija,15.0,13.75,13.0,10.5,18.0,22.0,14.75,10.5,11.25,Normal,0,0,2-5-3,2,5,3,0,10,10,ZUEEHEQUUQUHQU,130003000,H,36370516,Lat,2025-01-31,CA,CC,hardca,NMWNNDNWND-W--
72,2025-01-27 20:00:00,90,Europe Cup,Liechtenstein,13.0836,15.7003,12.0369,17.9351,15.0547,13.0,16.5,18.0,16.25,12.5,15.0,11.5,8.75,11.0,Normal,0,0,3-5-2,3,5,2,0,0,11,ZQEUEZHHQTQHEP,133000300.0,H,Moldova,9.25,21.25,24.25,21.5,12.0,11.75,12.5,7.5,10.75,Counter-attacks,17,0,4-4-2,4,4,2,3,-6,12,ZQHEHZQQEHUWEU,0,A,36370493,Mol,2025-01-27,N,CC,bal,NN-O-MMNNNMN-N
73,2025-01-24 20:00:00,90,Europe Cup,Liechtenstein,8.7746,8.5165,10.323,18.7892,15.7717,10.25,21.5,25.75,23.25,8.5,8.25,10.0,8.0,12.0,Normal,0,0,3-5-2,3,5,2,1,-10,10,UQEUEPQpQHHWEW,3200300.0,A,Česká republika,10.75,15.25,12.25,15.0,18.0,19.75,18.0,11.25,11.75,Normal,0,0,2-5-3,2,5,3,2,4,14,UQEEEUQUQQUUUP,0,H,36370468,Čes,2025-01-24,N,CC,AoD,NN-N-NMDNNMN-N
74,2025-01-17 20:00:00,90,Friendly,Liechtenstein,,,,,,2.75,17.75,20.25,17.5,7.75,12.5,15.75,8.25,11.75,Counter-attacks,23,0,5-3-2,5,3,2,2,10,10,ZUTUPPEEQQUQHE,2000014000.0,A,Cuba,1.0,19.25,21.0,18.5,16.0,9.0,6.5,7.0,9.25,Counter-attacks,17,0,4-3-3,4,3,3,0,-10,9,ZQHEUHUQPEEQQU,2141000,H,36392711,Cub,2025-01-17,CA,F,hardca,NDNNNN--OWNNN-
75,2025-01-10 20:00:00,90,Friendly,Liechtenstein,,,,,,7.0,4.75,7.5,9.75,6.0,8.75,5.75,9.25,7.5,Normal,0,0,3-5-2,3,5,2,0,0,10,QUEHEZPUPHQQQE,0.0,H,Dawlat Qatar,7.25,14.5,17.0,14.25,13.75,14.5,13.0,9.0,10.75,Counter-attacks,15,0,4-4-2,4,4,2,1,10,12,ZPQEZHUHEHTQEU,3010101000,A,36346350,Daw,2025-01-10,N,F,bal,NN-N-NNNNNNNN-
76,2025-01-03 20:00:00,88,Friendly,Liechtenstein,,,,,,5.5,7.0,8.25,6.25,11.5,5.25,5.5,7.25,6.5,Normal,0,0,3-5-2,3,5,2,0,0,10,UUEHEPPPUHZTET,400042.0,A,Barbados,9.0,17.25,16.0,17.75,6.75,8.75,8.5,6.5,8.75,Normal,0,0,3-5-2,3,5,2,7,0,9,ZUEUEUHUPPQEPQ,0,H,36198498,Bar,2025-01-03,N,F,bal,NN-N-NNWNNNW-D
77,2024-12-27 20:00:00,88,Friendly,Liechtenstein,,,,,,4.75,9.25,10.5,10.5,8.5,4.5,7.25,6.0,9.0,Normal,0,0,4-4-2,4,4,2,0,0,11,PQUETHUHEUUUEZ,0.0,H,Deutschland,6.25,21.25,25.0,21.0,9.5,7.5,10.5,7.5,11.75,Counter-attacks,22,0,5-3-2,5,3,2,4,3,11,UPUUHTQEpEHWEH,2000,A,35875866,Deu,2024-12-27,N,F,bal,NNN-NNNN-NNN-N
78,2024-12-20 20:00:00,88,Friendly,Liechtenstein,,,,,,6.5,10.0,12.25,10.25,7.75,9.25,6.25,7.25,7.25,Normal,0,0,4-4-2,4,4,2,0,0,8,PZUUEZQETQUHEP,1000000320.0,H,Lëtzebuerg,5.0,19.5,21.5,20.25,13.5,7.75,14.75,7.0,10.25,Counter-attacks,18,0,4-4-2,4,4,2,1,-10,9,ZQZEUHUUEUQQEQ,44,A,35752525,Lët,2024-12-20,N,F,bal,NONN-NN-NNMD-N
79,2024-12-13 20:00:00,88,Nations Cup,Liechtenstein,17.0788,11.4672,16.1029,11.6576,9.7854,9.5,18.5,20.0,19.0,17.5,11.75,16.5,7.25,10.25,Counter-attacks,19,0,4-4-2,4,4,2,4,-7,12,ZUUEUPTQEQQUEU,44000.0,H,Lubnan,15.5,14.25,13.5,10.25,13.5,16.5,11.5,8.5,10.25,Normal,0,0,2-5-3,2,5,3,3,0,17,ZZEEHEHHHQQHQW,130003000,A,35708637,Lub,2024-12-13,CA,NC,442ca,NNN-NNNW-WNN-N
80,2024-12-06 20:00:00,88,Nations Cup,Liechtenstein,12.9718,14.4403,15.4193,19.13,16.0577,16.75,16.25,16.0,15.5,13.25,14.75,15.75,8.5,10.75,Normal,0,0,3-5-2,3,5,2,2,0,13,ZQEUEUQHQHQHWE,3000000.0,A,Schweiz,2.75,22.25,20.0,22.25,16.75,11.0,17.0,6.75,10.0,Counter-attacks,18,0,4-3-3,4,3,3,1,-10,10,ZTUEUTQEERQUQU,443141400,H,35662398,Sch,2024-12-06,N,NC,bal,NN-N-NMNNNNNN-
81,2024-11-29 20:00:00,88,Nations Cup,Liechtenstein,15.6844,18.6252,15.1943,19.4027,16.2866,12.0,14.5,12.25,14.75,16.0,19.0,15.5,9.0,10.5,Normal,0,0,2-5-3,2,5,3,3,0,14,ZUEEEQQHQHQWUH,30003000.0,A,Costa Rica,6.25,21.25,25.0,22.5,6.0,12.5,13.25,8.0,12.0,Counter-attacks,21,0,5-3-2,5,3,2,2,-10,11,ZQPQQUEEPHUEHQ,2000011000,H,35615087,Cos,2024-11-29,N,NC,bal,NN---NMNNNMNNN
82,2024-11-22 20:00:00,88,Nations Cup,Liechtenstein,11.4966,11.7521,10.9857,19.3276,16.2236,15.0,20.75,20.75,20.0,11.25,11.5,10.75,7.25,10.5,Normal,0,0,3-5-2,3,5,2,4,-10,13,ZPEUEUQHQHQUEU,3000300.0,A,Sakartvelo,12.75,17.25,15.25,10.0,16.75,19.25,14.0,7.75,9.75,Normal,0,0,2-5-3,2,5,3,0,5,13,ZSETEEQPUHQHQH,0,H,35565452,Sak,2024-11-22,N,NC,AoD,NN-N-NMNNNMN-N
83,2024-11-15 20:00:00,88,Nations Cup,Liechtenstein,17.0589,19.3503,16.8042,15.1433,12.7113,15.0,14.75,12.5,15.0,16.75,19.0,16.5,7.5,9.75,Normal,0,0,2-5-3,2,5,3,1,0,12,ZPEEEUQHHHHHPU,30003000.0,H,Misr,15.25,15.5,15.25,15.75,12.75,13.5,12.25,8.5,11.75,Normal,0,0,3-5-2,3,5,2,1,0,11,ZTEHEHUUQQTUEH,103000300,A,35514398,Mis,2024-11-15,N,NC,bal,NN---NMNNNMNNN
84,2024-11-08 20:00:00,88,Nations Cup,Liechtenstein,19.7706,8.3645,19.7706,10.0785,8.4599,8.25,22.0,17.75,22.0,19.5,8.25,19.5,7.0,10.25,Counter-attacks,19,0,4-4-2,4,4,2,0,-6,12,ZUUETTQHETQHEU,440044044.0,H,Saudi Arabia,12.5,21.5,25.75,22.0,8.25,6.75,7.75,7.25,11.5,Normal,0,0,4-5-1,4,5,1,0,-10,11,ZUHEZUHHUZQEHE,2002300032,A,35463456,Sau,2024-11-08,CA,NC,442ca,NNW-WNNW-WNW-W
85,2024-11-01 20:00:00,88,Nations Cup,Liechtenstein,12.7829,12.2716,13.5499,15.5944,13.09,10.25,21.75,23.25,20.75,12.5,12.0,13.25,7.0,10.75,Counter-attacks,18,0,4-4-2,4,4,2,3,-10,12,ZUHETPHHEUQHEW,0.0,A,Brunei,14.5,9.5,10.75,12.25,12.25,19.0,15.5,10.25,10.25,Normal,0,0,2-5-3,2,5,3,2,10,12,ZEQEEUUUUTUUPQ,1000100000,H,35408624,Bru,2024-11-01,CA,NC,442ca,NNN-NNNN-NNN-N
86,2024-10-25 20:00:00,88,Nations Cup,Liechtenstein,10.8524,16.0073,14.9221,19.1771,16.0972,16.0,14.25,16.0,17.0,10.0,14.75,13.75,6.5,9.5,Normal,0,0,2-5-3,2,5,3,6,0,11,ZETEEPHUHHQHWU,1030000000.0,A,Haiti,13.0,14.25,16.25,16.5,7.0,11.25,15.0,7.0,9.5,Normal,0,0,3-5-2,3,5,2,0,0,14,ZQEHEQHTpUQEQH,3020004,H,35352654,Hai,2024-10-25,N,NC,bal,N-O--NMNNNNNNN
87,2024-10-18 20:00:00,88,Nations Cup,Liechtenstein,10.0252,14.3604,18.9665,18.2053,15.2816,12.75,17.25,16.75,17.0,9.25,13.25,17.5,6.0,10.0,Normal,0,0,3-5-2,3,5,2,0,0,11,ZTETEPUHHHQHEU,2003004000.0,A,Severna Makedonija,6.25,18.75,20.75,19.5,14.75,7.25,14.0,6.5,9.75,Counter-attacks,16,0,4-4-2,4,4,2,1,-4,9,ZQHEHQQQEUQQEU,2002144144,H,35296088,Sev,2024-10-18,N,NC,bal,ND-N-NMNNWNN-N
88,2024-10-11 20:00:00,88,Nations Cup,Liechtenstein,14.8954,11.5853,14.0678,13.9276,11.6908,9.75,20.5,23.0,20.0,13.5,10.5,12.75,6.25,10.25,Counter-attacks,19,0,4-4-2,4,4,2,0,-8,11,ZPTEHTQHEHQWEU,102100.0,A,Myanmar,6.0,22.0,20.75,22.0,12.5,9.0,13.0,7.5,11.0,Counter-attacks,17,0,5-3-2,5,3,2,0,-10,9,ZHQPUTHEpEPPEU,404012100,H,35217109,Mya,2024-10-11,CA,NC,442ca,NNN-NNON-DON-N
89,2024-10-04 20:00:00,88,Nations Cup,Liechtenstein,16.1514,14.2671,16.1514,16.8113,14.1114,11.75,16.5,16.0,15.75,15.0,13.25,15.0,6.25,10.0,Normal,0,0,3-5-2,3,5,2,0,0,12,ZPEUETTHUHQHEU,100.0,A,Malaysia,8.25,24.5,27.5,25.5,9.25,5.5,14.25,6.75,12.0,Counter-attacks,21,0,5-4-1,5,4,1,3,-5,12,ZQUZZQUQpEQEEH,4000214,H,35176067,Mal,2024-10-04,N,NC,bal,NN-N-NNNNNON-N
90,2024-09-27 20:00:00,88,Nations Cup,Liechtenstein,18.5869,18.5869,18.0403,13.7871,11.5729,11.5,14.0,10.75,12.5,17.0,17.0,16.5,7.5,9.0,Normal,0,0,2-5-3,2,5,3,1,8,11,ZPEEEQTHUHQHUP,1000.0,H,Al Kuwayt,9.0,21.5,24.5,21.75,9.5,6.0,8.0,7.0,11.0,Counter-attacks,15,0,4-5-1,4,5,1,1,-10,9,ZHPEHPUZpHUQEE,2002000,A,35140926,Al ,2024-09-27,N,NC,AoA,NN---NNNNNONNN
91,2024-09-20 20:00:00,88,Nations Cup,Liechtenstein,19.3912,20.2105,19.6643,14.5213,12.1892,12.0,13.75,11.0,13.25,17.75,18.5,18.0,8.5,9.5,Normal,0,0,2-5-3,2,5,3,2,8,12,ZPEEEQTQHHQHUH,1000.0,H,Moçambique,12.5,18.0,17.5,15.75,12.25,11.75,13.25,7.5,10.5,Normal,0,0,3-5-2,3,5,2,4,3,10,ZQEQEQQUHHUQET,3000302,A,35101537,Moç,2024-09-20,N,NC,att,NN---NNNNNONNN
92,2024-09-13 20:00:00,88,Nations Cup,Liechtenstein,17.5136,15.3581,16.1664,14.5599,12.2216,11.75,16.0,15.5,15.25,16.25,14.25,15.0,8.25,11.0,Normal,0,0,3-5-2,3,5,2,0,4,12,ZTEUEQUQHHQHEH,1000100.0,H,Comoros,14.0,18.75,18.75,18.5,12.5,12.5,12.75,7.75,10.0,Normal,0,0,3-5-2,3,5,2,2,-4,11,ZUETEQZUQUTUEQ,2020000000,A,34941535,Com,2024-09-13,N,NC,bal,NN-N-NONNNON-N
93,2024-09-06 20:00:00,88,Nations Cup,Liechtenstein,15.2122,14.6876,15.2122,15.7945,13.2579,12.0,16.5,16.5,17.0,14.5,14.0,14.5,8.5,11.0,Normal,0,0,3-5-2,3,5,2,1,0,12,ZTEUEQQQHHUHEH,0.0,H,Tounes,13.5,17.25,17.75,17.5,13.75,13.25,7.5,8.25,11.25,Normal,0,0,3-5-2,3,5,2,4,0,11,ZHETEZZHSTTHEW,30000,A,34559731,Tou,2024-09-06,N,NC,bal,NN-N-NNNNNNN-N
94,2024-08-30 20:00:00,88,Nations Cup,Liechtenstein,16.1064,15.0838,15.0838,15.4917,13.0037,11.0,17.25,16.5,15.25,15.75,14.75,14.75,8.25,10.75,Normal,0,0,3-5-2,3,5,2,1,0,12,ZQEUETUHHHQHEU,0.0,H,Honduras,10.75,17.25,18.0,17.75,14.0,13.75,13.0,8.5,10.5,Normal,0,0,3-5-2,3,5,2,3,1,16,ZUEHEUHQQQQWQE,0,A,34486347,Hon,2024-08-30,N,NC,bal,NN-N-NNNNNNN-N
95,2024-08-23 20:00:00,88,Nations Cup,Liechtenstein,14.1941,12.9038,14.4522,16.4978,13.8483,9.0,19.0,21.0,18.75,13.75,12.5,14.0,8.5,11.25,Normal,0,0,4-4-2,4,4,2,4,0,11,ZQUEUTUHEQQHEU,0.0,A,Puerto Rico,11.0,15.25,15.5,16.0,12.75,14.0,15.0,8.0,10.5,Normal,0,0,3-5-2,3,5,2,3,-3,13,ZQEPEHUZPHQPEU,100,H,34468793,Pue,2024-08-23,N,NC,bal,NNN-NNNN-NNN-N
96,2024-08-16 20:00:00,88,Friendly,Liechtenstein,,,,,,8.5,15.75,15.75,16.25,11.25,11.75,9.25,5.75,9.25,Normal,0,0,3-5-2,3,5,2,0,0,8,ZTETEPTTUUHUEW,0.0,A,Lëtzebuerg,5.75,23.25,21.0,21.5,15.75,7.5,15.0,6.75,10.5,Counter-attacks,17,0,4-4-2,4,4,2,0,-10,9,ZHZEHUUUEHQUEH,443020044,H,34430733,Lët,2024-08-16,N,F,bal,NN-N-NNNNNNN-N
97,2024-08-09 20:00:00,88,Friendly,Liechtenstein,,,,,,8.0,10.5,12.25,9.0,13.25,13.0,10.0,7.0,8.5,Normal,0,0,2-5-3,2,5,3,3,0,10,ZUEUEEUQHQHPPP,0.0,H,Barbados,7.25,13.75,16.5,17.25,12.0,10.5,11.75,7.75,10.0,Normal,0,0,3-5-2,3,5,2,3,0,10,UQEUEHUUpHQWET,3020002,A,34393856,Bar,2024-08-09,N,F,bal,NN-N--NNNNNNNN
98,2024-08-02 20:00:00,88,Europe Cup,Liechtenstein,5.9563,4.0611,10.0174,9.2732,7.784,6.25,30.5,29.0,30.5,5.5,3.75,9.25,7.75,13.5,Counter-attacks,24,0,5-4-1,5,4,1,0,-10,11,ZUHHPZQUEHQEEU,2404222224.0,A,Italia,17.5,14.25,11.75,13.75,18.0,21.25,17.5,10.25,11.5,Normal,0,0,2-5-3,2,5,3,3,10,15,UHEEEUQHHHUPQU,30103000,H,34024785,Ita,2024-08-02,CA,CC,hardca,NDWNWDDD-DD--W
99,2024-07-26 20:00:00,88,Europe Cup,Liechtenstein,18.8502,19.9122,18.0537,15.292,12.8361,15.75,12.5,10.5,12.75,17.75,18.75,17.0,9.25,10.75,Normal,0,0,2-5-3,2,5,3,0,10,13,ZUEEEQHHHHHUHP,0.0,H,Danmark,8.75,24.5,27.75,21.75,14.75,13.0,7.25,9.0,12.0,Counter-attacks,24,0,5-3-2,5,3,2,2,-6,16,UUHUHQQHTEEUQE,3400211100,A,34024761,Dan,2024-07-26,N,CC,AoA,NN---NNNNNNNNN
100,2024-07-19 20:00:00,88,Europe Cup,Liechtenstein,13.1238,13.3972,12.0301,16.7965,14.099,16.5,17.0,17.5,17.0,12.0,12.25,11.0,8.75,10.75,Play creatively,24,0,3-5-2,3,5,2,1,-10,15,ZUEHEQHHHTUPEU,3000300.0,H,Malta,5.75,24.5,29.0,25.5,12.0,6.5,11.5,8.75,13.0,Counter-attacks,20,0,5-3-2,5,3,2,0,-10,13,ZHPHQHUEQEQQEU,3404302044,A,34024737,Mal,2024-07-19,PC,CC,PC,NN-N-NMNNNMN-N
101,2024-07-12 20:00:00,88,Europe Cup,Liechtenstein,6.8751,5.0241,16.1301,11.951,10.0316,8.0,26.25,27.0,26.5,6.5,4.75,15.25,8.25,12.5,Counter-attacks,21,0,5-4-1,5,4,1,0,-10,11,ZPUPHQZEHHHEEU,2004022404.0,A,Česká republika,15.25,15.5,17.75,17.75,13.0,16.25,18.25,12.0,13.0,Normal,0,0,2-5-3,2,5,3,3,0,13,UEUEEUUUQUTUPQ,30140000,H,34024712,Čes,2024-07-12,CA,CC,hardca,NDNNWND-DWN--W
102,2024-07-05 20:00:00,88,Europe Cup,Liechtenstein,13.9316,20.7659,18.663,17.1488,14.3947,17.5,10.25,13.25,13.25,13.25,19.75,17.75,8.0,9.5,Normal,0,0,2-5-3,2,5,3,1,10,12,ZEQEEPHHTHHPHU,30000000.0,H,San Marino,15.5,17.0,16.75,16.75,11.5,12.0,12.25,6.75,10.0,Normal,0,0,3-5-2,3,5,2,2,0,12,ZUEUEHQQTHQWEH,103000300,A,34024689,San,2024-07-05,N,CC,att,N-N--NMNNNNNNN
103,2024-06-28 20:00:00,88,Europe Cup,Liechtenstein,15.3542,14.8248,15.6189,17.3193,14.5378,15.25,15.5,15.75,15.75,14.5,14.0,14.75,7.5,10.5,Normal,0,0,3-5-2,3,5,2,1,0,13,ZPEUEUHHTUHUEP,0.0,H,Italia,11.0,24.0,23.5,23.25,12.5,12.0,11.75,9.5,12.5,Counter-attacks,18,0,4-4-2,4,4,2,1,-10,13,UHUEHUQEHUHEQU,2402302300,A,34024666,Ita,2024-06-28,N,CC,bal,NN-N-NNNNNNN-N
104,2024-06-24 20:00:00,88,Europe Cup,Liechtenstein,14.6768,8.2091,15.1743,14.0559,11.7985,10.0,24.25,23.75,18.75,14.75,8.25,15.25,7.75,10.75,Counter-attacks,19,0,4-4-2,4,4,2,0,-10,11,ZPQUEZHHEUHPEU,2000120044.0,A,Danmark,15.25,17.5,17.5,18.25,14.5,12.75,15.25,8.75,11.75,Normal,0,0,3-5-2,3,5,2,3,5,16,UQEHEUQHHUQQEU,100014300,H,34024640,Dan,2024-06-24,CA,CC,442ca,NDNN-NOD-NNW-W
105,2024-06-21 20:00:00,88,Europe Cup,Liechtenstein,12.6942,9.5854,11.917,14.3519,12.047,9.5,22.0,26.0,23.0,12.25,9.25,11.5,7.25,10.25,Counter-attacks,19,0,4-4-2,4,4,2,3,-10,11,ZPQEUZQHEHHUEW,102100.0,A,Malta,14.75,14.25,15.0,14.75,15.0,16.0,14.25,8.25,11.25,Normal,0,0,3-5-2,3,5,2,0,10,12,UHEPEHHQHHQPQE,1103000300,H,34024617,Mal,2024-06-21,CA,CC,442ca,NNN-NNON-DON-N
106,2024-06-17 20:00:00,88,Europe Cup,Liechtenstein,12.0791,11.8107,12.616,17.5902,14.7652,12.75,18.75,19.25,19.25,11.25,11.0,11.75,7.75,10.5,Normal,0,0,3-5-2,3,5,2,4,0,10,ZZEUEPUHHUHUEP,300.0,H,Česká republika,8.75,22.0,23.0,21.0,17.5,17.75,9.5,12.0,13.5,Counter-attacks,19,0,4-3-3,4,3,3,1,-10,16,UUUEUQUQUEEQUQ,2010000,A,34024592,Čes,2024-06-17,N,CC,bal,NN-N-NNNNNMN-N
107,2024-06-14 20:00:00,88,Europe Cup,Liechtenstein,12.6457,13.4199,12.9038,20.164,16.9257,11.0,17.25,16.0,15.75,12.25,13.0,12.5,8.25,10.5,Play creatively,25,0,3-5-2,3,5,2,1,-10,14,ZZEUEUHHHUHWEU,103000300.0,A,San Marino,11.5,17.5,18.5,17.75,10.75,11.5,11.25,7.25,10.25,Normal,0,0,3-5-2,3,5,2,4,0,13,ZUEUEHQQQUHPEU,3000300,H,34024570,San,2024-06-14,PC,CC,PC,NN-O-NMNNNMN-N
108,2024-06-07 20:00:00,88,Friendly,Liechtenstein,,,,,,8.5,14.25,12.75,9.75,8.25,7.75,9.0,6.75,9.0,Normal,0,0,4-4-2,4,4,2,0,0,11,ZHHQEQUEHUQHET,10000002.0,A,Deutschland,4.25,20.0,22.5,19.0,13.25,11.25,12.0,8.5,11.75,Counter-attacks,21,0,5-3-2,5,3,2,1,0,11,UQQHHPUEpETEQP,3400002000,H,34034791,Deu,2024-06-07,N,F,bal,NNNO-NN-NNNN-D
109,2024-05-31 20:00:00,88,Friendly,Liechtenstein,,,,,,8.0,17.75,22.0,20.0,4.25,8.0,17.25,7.25,10.25,Counter-attacks,15,0,4-4-2,4,4,2,3,-10,9,ZTTEUZEQpQUEWU,2000024104.0,A,Kenya,7.75,19.0,19.25,19.0,6.0,4.5,12.0,5.25,9.5,Pressing,10,0,4-5-1,4,5,1,0,-10,8,UHZETQQTHZQEEQ,2040002414,H,34003404,Ken,2024-05-31,CA,F,442ca,NDN-NN-NDWO-NW
110,2024-05-24 20:00:00,86,Friendly,Liechtenstein,,,,,,8.0,19.75,21.5,20.25,13.0,7.75,12.75,7.0,10.0,Counter-attacks,19,0,4-4-2,4,4,2,1,-10,10,ZUZEHTQUEHTHEU,3443000044.0,A,Cameroon,9.75,17.5,16.5,16.75,10.0,13.0,13.25,6.75,9.0,Normal,0,0,3-5-2,3,5,2,0,-2,10,UUEZEZQUZUUHEP,2000000000,H,33924522,Cam,2024-05-24,CA,F,442ca,NMW-WMNN-NNW-W
111,2024-05-17 20:00:00,86,Friendly,Liechtenstein,,,,,,7.5,18.0,24.5,18.25,4.0,7.75,8.0,6.75,10.5,Pressing,10,0,5-3-2,5,3,2,0,-10,9,ZTUHTZETEUQEHW,2000300300.0,A,Ireland,12.5,17.0,16.5,16.0,13.5,13.0,12.75,8.25,10.5,Normal,0,0,3-5-2,3,5,2,1,0,10,UPEUEZQZQQQUET,3000302,H,33450412,Ire,2024-05-17,Pr,F,AoD,NDNNNM-N-NM-NN
112,2024-05-10 20:00:00,86,Friendly,Liechtenstein,,,,,,8.5,20.25,19.75,19.5,12.5,6.25,7.25,6.75,10.5,Normal,0,0,4-5-1,4,5,1,1,-10,10,ZZUETHQHTUTUEE,402300034.0,A,Scotland,7.5,15.75,16.75,13.75,13.75,11.5,12.0,6.75,9.5,Normal,0,0,5-3-2,5,3,2,2,0,9,ZHQTHUUPEEQEUU,0,H,33385900,Sco,2024-05-10,N,F,AoD,NNW-NDMNNNMW--
113,2024-05-03 20:00:00,86,World Cup,Liechtenstein,6.9004,8.2274,6.3696,20.4212,17.1416,12.75,19.5,19.75,18.5,6.5,7.75,6.0,7.5,11.5,Play creatively,26,0,4-5-1,4,5,1,1,-10,15,ZUHEURUUUUHEPE,2112300030.0,N,Latvija,13.5,11.25,14.0,14.25,13.25,20.5,17.25,9.75,11.25,Normal,0,0,2-5-3,2,5,3,2,5,15,ZEHEEHQpHTQWQH,1032013000,A,33298307,Lat,2024-05-03,PC,WC4,PC,NDO-ODMNNNM-N-
114,2024-04-29 20:00:00,86,World Cup,Liechtenstein,15.1324,14.6105,11.2188,19.3962,16.2812,15.0,15.75,15.0,13.75,14.5,14.0,10.75,8.75,11.25,Play creatively,25,0,3-5-2,3,5,2,0,0,14,ZREUEHUUUHUEWH,2023003000.0,N,Suomi,7.5,23.25,25.5,23.0,18.5,7.75,16.5,9.75,13.25,Counter-attacks,18,0,4-4-2,4,4,2,1,-10,14,ZQHEHHHHEUUUEU,2002044044,H,33298289,Suo,2024-04-29,PC,WC4,PC,ND-N-DMNNMN-NN
115,2024-04-26 20:00:00,86,World Cup,Liechtenstein,5.1015,6.632,5.8668,17.6818,14.8421,9.25,22.25,27.25,22.25,5.0,6.5,5.75,7.0,12.0,Pressing,16,0,4-5-1,4,5,1,0,-10,12,ZPPEURQUpUHEWE,2022302230.0,N,Nederland,13.5,16.75,21.5,16.75,13.0,15.75,13.25,10.5,12.75,Play creatively,27,0,3-5-2,3,5,2,1,-5,15,UUEUEUQUQZUPQE,3033000300,H,33298282,Ned,2024-04-26,Pr,WC4,AoD,NDN-DDMNDDM-N-
116,2024-04-19 20:00:00,86,World Cup,Liechtenstein,14.5883,15.0914,14.8398,18.5448,15.5665,16.0,16.5,16.5,16.25,14.5,15.0,14.75,8.5,11.0,Normal,0,0,3-5-2,3,5,2,0,0,15,ZREHEUUUUHUUEW,3000300.0,N,Indonesia,11.0,22.5,22.75,23.75,6.75,5.0,15.75,7.5,11.25,Counter-attacks,19,0,4-5-1,4,5,1,0,-10,12,ZHPEHPQpTQQEEQ,2040020404,H,33216122,Ind,2024-04-19,N,WC3,bal,NN-N-NMNNNMN-N
117,2024-04-15 20:00:00,86,World Cup,Liechtenstein,7.3085,7.3085,7.3085,18.1261,15.2151,10.75,20.5,27.75,21.5,7.5,7.5,7.5,7.75,12.0,Pressing,14,0,4-5-1,4,5,1,0,-10,14,ZUPEUQUUpUUEPE,3002322030.0,N,Belgium,15.25,12.0,15.25,15.0,13.75,21.0,18.75,10.5,11.0,Normal,0,0,2-5-3,2,5,3,1,3,18,ZEUEEUHHHUQUQU,30000000,A,33216107,Bel,2024-04-15,Pr,WC3,AoD,NMN-NDMDDNM-N-
118,2024-04-12 20:00:00,86,World Cup,Liechtenstein,12.9485,10.1557,12.6946,14.5106,12.1802,7.75,21.0,23.75,21.75,12.75,10.0,12.5,8.25,11.5,Counter-attacks,17,0,4-4-2,4,4,2,3,-10,14,ZQUEHUUUEUUHEU,41000.0,N,Guam,11.75,15.75,16.0,17.5,13.25,16.0,14.75,9.0,11.75,Normal,0,0,3-5-2,3,5,2,0,0,18,UQEUEUQHQUHTEW,103000300,A,33216102,Gua,2024-04-12,CA,WC3,442ca,NNN-NNNW-ONN-N
119,2024-04-05 20:00:00,86,World Cup,Liechtenstein,9.3046,7.8354,7.5906,16.9869,14.2588,18.25,22.25,24.75,21.0,9.5,8.0,7.75,7.75,12.25,Pressing,14,0,4-5-1,4,5,1,0,-10,13,ZUPEUQUUpUUEPE,2012302030.0,H,Brasil,18.25,13.75,12.5,10.5,20.25,22.0,14.25,10.25,11.5,Normal,0,0,2-5-3,2,5,3,0,10,14,UQEEHEUHHHQQQH,101003000,A,33038209,Bra,2024-04-05,Pr,WC2,AoD,NDN-ODMNDNM-N-
120,2024-03-29 20:00:00,86,World Cup,Liechtenstein,15.3683,15.3683,15.6047,12.9422,10.8637,8.25,16.5,17.75,16.5,16.25,16.25,16.5,8.25,11.0,Counter-attacks,18,0,4-4-2,4,4,2,1,5,16,ZUHEUQHUEUUHEU,11000.0,A,Palestine,15.75,14.0,16.25,14.0,7.0,13.5,7.5,10.5,11.0,Play creatively,25,0,3-5-2,3,5,2,2,10,13,ZUEUEQTpUHTEUU,3023200300,H,33038176,Pal,2024-03-29,CA,WC2,442ca,NNN-NNNO-ONN-N
121,2024-03-25 20:00:00,86,World Cup,Liechtenstein,11.1828,9.7242,11.4259,17.0141,14.2816,16.0,18.25,19.25,18.5,11.5,10.0,11.75,8.75,11.75,Normal,0,0,3-5-2,3,5,2,2,0,16,ZQEHEUZUUHUHEP,103400300.0,H,Indonesia,11.5,18.5,18.25,18.25,11.0,13.0,10.75,9.75,11.25,Pressing,11,0,3-5-2,3,5,2,0,-10,12,ZHEHEPQTHZQQEW,3101300,A,33038144,Ind,2024-03-25,N,WC2,bal,NN-O-NMWNNMN-N
122,2024-03-22 20:00:00,86,World Cup,Liechtenstein,11.6201,10.6715,12.0944,13.8377,11.6154,8.25,21.0,23.25,20.75,12.25,11.25,12.75,9.0,11.5,Counter-attacks,18,0,4-4-2,4,4,2,2,-10,14,ZQUEHUUUEHZHEU,2002000000.0,A,Indonesia,13.0,16.5,16.0,16.5,13.75,13.5,18.0,9.0,11.0,Normal,0,0,3-4-3,3,4,3,3,0,11,ZUEHEPQHEQQPTQ,40020,H,33038112,Ind,2024-03-22,CA,WC2,442ca,NDN-NDNN-NNN-N
123,2024-03-18 20:00:00,86,World Cup,Liechtenstein,0.7535,0.7535,0.7535,1.1579,0.9719,0.75,0.75,0.75,0.75,0.75,0.75,0.75,0.75,0.75,Play creatively,0,0,4-5-1,4,5,1,5,-10,15,ZUUEHQUHQUHEPE,2112300030.0,H,Palestine,0.75,0.75,0.75,0.75,0.75,0.75,0.75,0.75,0.75,Attack in wings,0,0,0-1-1,0,1,1,0,10,7,QEEEEEEHEEEQEE,44,A,33038103,Pal,2024-03-18,PC,WC2,PC,NDO-ODMNNNM-N-
124,2024-03-15 20:00:00,86,World Cup,Liechtenstein,8.7402,7.1978,8.4831,19.4398,16.3178,12.5,19.0,21.25,18.0,8.5,7.0,8.25,8.25,11.75,Play creatively,24,0,4-5-1,4,5,1,3,-10,15,ZQHEUUZHUUHEWE,113300030.0,A,Brasil,10.75,13.25,13.75,11.5,15.5,19.25,11.0,10.0,11.0,Normal,0,0,2-5-3,2,5,3,1,6,12,UQEEHEQQHZUUQH,34003000,H,33038057,Bra,2024-03-15,PC,WC2,PC,NNO-OMMNNNM-N-
125,2024-03-08 20:00:00,86,World Cup,Liechtenstein,8.8397,8.0597,9.0997,17.903,15.0278,19.25,18.5,19.5,18.5,8.5,7.75,8.75,8.25,12.0,Play creatively,24,0,4-5-1,4,5,1,2,-6,15,ZUHEUQHUHHUEPE,2112300030.0,H,Rossiya,20.75,12.25,16.0,14.5,12.0,15.25,14.25,6.75,10.0,Normal,0,0,3-5-2,3,5,2,0,0,15,ZEPQEUQHSQHEQT,1103000302,A,32145713,Ros,2024-03-08,PC,WC1,PC,NDO-ODMNNNM-N-
126,2024-03-01 20:00:00,86,World Cup,Liechtenstein,8.8662,7.5228,8.5975,19.9427,16.7399,12.75,19.25,21.75,20.5,8.25,7.0,8.0,8.0,11.75,Play creatively,24,0,4-5-1,4,5,1,2,-10,14,ZUHEUQHHUHUEWE,2102300030.0,A,Trinidad & Tobago,13.25,15.25,13.25,15.0,11.5,16.25,17.5,9.25,10.5,Normal,0,0,3-5-2,3,5,2,0,4,11,ZZEPETQHTZHUEP,3114100,H,32145665,Tri,2024-03-01,PC,WC1,PC,NDO-NDMNNNM-N-
127,2024-02-23 20:00:00,86,World Cup,Liechtenstein,22.3283,10.1994,23.7066,13.9304,11.6932,13.5,13.25,12.0,14.25,20.25,9.25,21.5,9.25,11.5,Attack in wings,23,0,3-5-2,3,5,2,3,10,15,ZQEHEUZHUUUUEU,1011404144.0,H,Argentina,10.75,22.5,24.75,22.5,14.25,13.75,14.5,8.25,11.75,Counter-attacks,19,0,4-4-2,4,4,2,2,-10,15,ZTQEUUUUEQQQQE,0,A,32145616,Arg,2024-02-23,AOW,WC1,att,NO-N-OOWNWOW-W
128,2024-02-16 20:00:00,86,World Cup,Liechtenstein,10.3579,5.8788,16.7966,15.8599,13.3128,10.25,22.5,24.5,22.0,9.25,5.25,15.0,7.5,11.5,Counter-attacks,19,0,4-4-2,4,4,2,1,-10,14,ZUHEUPZUEUHUEU,2000044044.0,A,Oman,14.75,13.25,9.75,13.25,21.5,22.25,18.5,9.75,11.5,Normal,0,0,2-5-3,2,5,3,2,10,15,ZHEEEZUUHZQZUU,11110000,H,32145569,Oma,2024-02-16,CA,WC1,442ca,NDN-NNNW-WNW-W
129,2024-02-09 20:00:00,86,World Cup,Liechtenstein,18.7049,12.1032,18.7049,16.3026,13.6844,16.0,15.25,14.0,15.25,17.0,11.0,17.0,9.0,11.0,Normal,0,0,3-5-2,3,5,2,0,0,13,ZUEHERZUQUUUEU,103004344.0,H,Sri Lanka,11.75,24.75,28.0,24.5,10.0,10.25,10.0,9.0,12.25,Counter-attacks,19,0,4-4-2,4,4,2,4,-10,14,ZHUEZZQQEQUUQE,300300,A,32145521,Sri,2024-02-09,N,WC1,bal,NN-O-NMNNWMW-W
130,2024-02-02 20:00:00,86,World Cup,Liechtenstein,15.2542,10.4371,16.0571,13.492,11.3252,9.0,20.5,22.75,20.0,14.25,9.75,15.0,9.0,11.75,Counter-attacks,20,0,4-4-2,4,4,2,0,-10,14,ZUHEURUQEUZUQE,2004000.0,A,Rossiya,9.0,26.5,24.0,26.0,16.5,5.5,11.25,5.25,10.75,Counter-attacks,20,0,4-4-2,4,4,2,3,-3,14,ZUZEPTQHpEQETH,440042042,H,32145472,Ros,2024-02-02,CA,WC1,442ca,NNN-NDNN-WNNN-
131,2024-01-26 20:00:00,86,World Cup,Liechtenstein,12.6447,15.0156,13.6984,17.9772,15.0901,13.5,14.0,14.5,15.5,12.0,14.25,13.0,8.75,10.75,Play creatively,23,0,3-5-2,3,5,2,1,-5,13,ZUEHERUQHUZEQP,123000300.0,H,Trinidad & Tobago,14.0,17.75,17.75,18.0,12.75,11.5,10.0,8.75,11.25,Normal,0,0,3-5-2,3,5,2,3,-1,11,ZTEPETHHpHZZEW,120020300,A,32145424,Tri,2024-01-26,PC,WC1,PC,NN-O-DMNNNM-NN
132,2024-01-19 20:00:00,86,World Cup,Liechtenstein,14.2451,20.9645,12.6324,21.2432,17.8316,16.75,7.75,12.25,8.0,13.25,19.5,11.75,8.0,10.25,Attack in the middle,23,0,2-5-3,2,5,3,3,10,12,UEHEUEZHUQUWQU,1130113000.0,A,Argentina,14.75,10.75,13.0,14.0,15.0,23.25,21.0,8.75,10.75,Normal,0,0,2-5-3,2,5,3,2,10,14,ZEQEEUQUUUUUQQ,1030010000,H,32145377,Arg,2024-01-19,AIM,WC1,AoA,N-O-O-MNOOMNNN
133,2024-01-15 20:00:00,86,World Cup,Liechtenstein,15.5492,15.29,17.6224,16.5554,13.8966,12.0,11.75,14.25,16.5,15.0,14.75,17.0,8.5,10.75,Normal,0,0,3-5-2,3,5,2,1,5,12,ZUEEHRUQHUZEQP,20004000.0,H,Oman,12.0,18.5,19.75,20.0,12.25,11.75,10.75,9.25,12.25,Normal,0,0,3-5-2,3,5,2,4,-6,14,ZZEUEZUHHPQUUE,10300300,A,32145330,Oma,2024-01-15,N,WC1,bal,NN--NDNNNWN-NN
134,2024-01-12 20:00:00,86,World Cup,Liechtenstein,14.5225,11.1512,14.7818,13.7482,11.5402,7.5,20.5,22.5,20.5,14.0,10.75,14.25,8.25,11.25,Counter-attacks,19,0,4-4-2,4,4,2,1,-10,13,ZUHEURUQEUZEQU,2004000.0,A,Sri Lanka,10.5,16.75,17.0,18.0,14.0,16.5,15.0,9.25,11.5,Normal,0,0,3-4-3,3,4,3,1,0,14,ZZEUEZUUEUUQQU,3003000,H,32145280,Sri,2024-01-12,CA,WC1,442ca,NNN-NDNN-WN-NN
135,2024-01-05 20:00:00,86,Friendly,Liechtenstein,,,,,,7.25,20.75,18.75,19.25,4.75,5.75,14.25,7.5,10.25,Pressing,10,0,4-5-1,4,5,1,0,-10,8,ZZUEQPHTQQHEEH,2040300404.0,A,Deutschland,10.75,15.25,17.25,16.0,10.0,11.25,12.75,7.5,11.25,Play creatively,21,0,3-5-2,3,5,2,3,10,11,ZUEHEUHQQUHTPE,2003000320,H,32107881,Deu,2024-01-05,Pr,F,AoD,NDN-WNMNNWN--W
136,2023-12-29 20:00:00,86,Friendly,Liechtenstein,,,,,,4.0,20.75,19.75,23.25,12.25,8.0,13.5,7.25,10.25,Counter-attacks,19,0,5-3-2,5,3,2,1,-10,8,ZHQTHZUHEEHPEQ,404014104.0,H,Dawlat Qatar,8.0,20.75,18.0,20.5,6.5,9.75,16.5,8.5,11.0,Counter-attacks,16,0,4-4-2,4,4,2,0,-10,15,UQTEHUEpTUUETU,2441204120,A,32062200,Daw,2023-12-29,CA,F,hardca,NNWNWNOW--ON-W
137,2023-12-22 20:00:00,86,Europe Cup,Liechtenstein,7.4062,16.0894,14.5571,19.4259,16.3061,18.0,13.0,15.5,15.25,7.25,15.75,14.25,8.25,10.75,Play creatively,22,0,3-5-2,3,5,2,0,-5,13,ZUEHERZHQHZEZW,3103001300.0,A,Bosna i Hercegovina,19.25,17.0,17.0,16.5,14.5,15.75,14.75,7.5,11.25,Normal,0,0,3-5-2,3,5,2,1,7,13,ZPEPEHHQHTUPEU,3000300,H,31659059,Bos,2023-12-22,PC,CC,PC,NM-O-NMNNOM-NN
138,2023-12-15 20:00:00,86,Europe Cup,Liechtenstein,14.5058,12.9788,14.2513,12.0352,10.1023,10.0,22.5,20.75,21.5,14.25,12.75,14.0,8.5,11.25,Counter-attacks,20,0,4-4-2,4,4,2,0,-10,14,ZRQEHUUEQUZPUE,402101000.0,H,Island,8.0,23.25,26.25,25.25,5.25,7.5,17.75,7.5,11.5,Counter-attacks,18,0,5-3-2,5,3,2,0,-10,12,ZZZHPTEpEUZEQZ,2004024104,A,31659037,Isl,2023-12-15,CA,CC,442ca,NNW-NDO-NONNN-
139,2023-12-08 20:00:00,86,Europe Cup,Liechtenstein,10.0417,9.0117,6.437,20.9263,17.5656,14.25,20.25,23.25,19.25,9.75,8.75,6.25,7.75,11.5,Normal,0,0,3-5-2,3,5,2,2,-10,13,UUEHEZZUQHHHWE,133000300.0,A,Lëtzebuerg,14.25,14.0,14.25,15.25,14.0,17.5,16.0,7.25,10.25,Play creatively,24,0,3-5-2,3,5,2,1,5,16,UZEZEUHUPQTEZH,3101000,H,31659013,Lët,2023-12-08,N,CC,AoD,NN-O-MMNNNMNN-
140,2023-12-01 20:00:00,86,Europe Cup,Liechtenstein,8.4899,7.4608,6.4317,18.7862,15.7692,12.25,22.0,25.75,22.25,8.25,7.25,6.25,7.5,12.0,Pressing,14,0,4-5-1,4,5,1,1,-10,13,UZHEUUZpQHZEWE,2002320030.0,A,Osterreich,12.75,16.5,15.75,16.75,16.75,17.0,15.25,9.5,11.75,Normal,0,0,3-5-2,3,5,2,1,5,13,ZUEPETZQHZQQEH,110300,H,31658988,Ost,2023-12-01,Pr,CC,AoD,NDN-NDMDNNM-N-
141,2023-11-24 20:00:00,86,Europe Cup,Liechtenstein,12.4002,18.4738,17.4615,17.6506,14.8159,17.5,9.25,13.5,16.25,12.25,18.25,17.25,9.25,10.25,Normal,0,0,3-5-2,3,5,2,2,0,13,UUEHERHHQHZPEH,103000300.0,H,Suomi,17.25,16.75,15.5,16.25,14.75,14.5,14.25,9.25,12.25,Normal,0,0,3-5-2,3,5,2,3,5,13,PHEUEHHUHZHWEU,103000300,A,31658965,Suo,2023-11-24,N,CC,bal,NN-O-NMNNNMN-N
142,2023-11-17 20:00:00,86,Europe Cup,Liechtenstein,6.9345,8.8475,9.0866,19.4758,16.348,16.0,20.0,20.5,19.5,7.25,9.25,9.5,7.0,11.25,Play creatively,23,0,4-5-1,4,5,1,0,-10,13,UUHEUZHHQUHEPE,2112300030.0,H,Bosna i Hercegovina,17.75,19.0,19.0,19.0,13.25,14.25,12.75,7.75,11.5,Normal,0,0,3-5-2,3,5,2,2,0,12,ZPEPEZTQPUHUEW,100310300,A,31658939,Bos,2023-11-17,PC,CC,PC,NDO-ODMNNNM-N-
143,2023-11-13 20:00:00,86,Europe Cup,Liechtenstein,13.4334,12.1895,13.1846,18.5849,15.6002,15.75,19.25,19.5,18.75,13.5,12.25,13.25,7.75,11.0,Normal,0,0,3-5-2,3,5,2,3,1,13,ZZEHEUZUHHHHEW,100101000.0,A,Island,10.25,22.5,26.0,23.0,16.0,5.5,4.0,7.0,11.5,Counter-attacks,20,0,5-4-1,5,4,1,0,-10,10,ZHHHPTUZZpEQEE,1400214024,H,31658918,Isl,2023-11-13,N,CC,bal,NN-O-NNONONN-N
144,2023-11-10 20:00:00,86,Europe Cup,Liechtenstein,15.3556,14.6126,15.108,17.011,14.279,13.5,17.25,16.75,16.5,15.5,14.75,15.25,8.25,10.5,Normal,0,0,3-5-2,3,5,2,1,-1,12,ZREHEUZHUHHHEP,0.0,H,Lëtzebuerg,13.25,18.0,17.0,18.0,12.75,14.5,12.75,7.75,10.5,Normal,0,0,3-5-2,3,5,2,1,-5,15,ZUEZEHQPTHHEZU,103010300,A,31658892,Lët,2023-11-10,N,CC,bal,NN-N-NNNNNNN-N
145,2023-11-06 20:00:00,86,Europe Cup,Liechtenstein,8.4115,5.6076,8.4115,17.2453,14.4757,12.5,23.5,24.75,20.25,8.25,5.5,8.25,6.75,11.0,Normal,0,0,3-5-2,3,5,2,2,-5,12,ZREUEUHHHZZHEP,3000300.0,H,Osterreich,9.5,21.5,23.0,21.25,12.75,12.25,12.25,9.5,12.5,Counter-attacks,19,0,4-4-2,4,4,2,0,-10,12,ZHHEPZZZEHQQEW,10000,A,31658868,Ost,2023-11-06,N,CC,bal,NN-N-NMNNNMN-N
146,2023-11-03 20:00:00,86,Europe Cup,Liechtenstein,12.3876,11.3553,11.6134,12.8316,10.7709,7.0,24.0,26.5,22.75,12.0,11.0,11.25,8.25,11.25,Counter-attacks,18,0,4-4-2,4,4,2,3,-10,14,ZQZEUUZQEHHHEH,1000.0,A,Suomi,11.5,14.25,11.25,14.25,17.75,21.0,17.75,9.5,11.75,Normal,0,0,2-5-3,2,5,3,2,4,11,PQEEEHHHUZHUPU,31013000,H,31658843,Suo,2023-11-03,CA,CC,442ca,NNN-NNNN-ONN-N
