,Match Datetime,campaign,Competition,Team name,sc_ra,sc_ca,sc_la,Midfield,Right defence,Central defence,Left defence,Right attack,Central attack,Left attack,ISP attack,ISP defence,Tactic,Tactic skill,Average goals,Formation,Defender_number,Mid_number,Forward_number,Actual goals,Style of play,Total exp,spex,Orders,HomeOrAway,Team name_,Midfield_,Right defence_,Central defence_,Left defence_,Right attack_,Central attack_,Left attack_,ISP attack_,ISP defence_,Tactic_,Tactic skill_,Average goals_,Formation_,Defender_number_,Mid_number_,Forward_number_,Actual goals_,Style of play_,Total exp_,spex_,Orders_,HomeOrAway_,id,scaled midfield,Opponent,Match Date,Tactic short,Match Type,scaled_midfield,T_C,Indiv Order
0,2026-03-27 20:00:00,92,World Cup,San Marino,21.7567,21.3301,19.1971,16.25,13.0,10.0,13.0,25.5,25.0,22.5,9.75,11.0,Normal,0,0,2-5-3,2,5,3,2,10,21,UUEEEUHHQUQQQW,4110000,N,RomÃ¢nia,4.5,28.5,30.75,29.25,10.75,10.75,12.0,7.75,12.75,Counter-attacks,21,0,4-4-2,4,4,2,4,-10,13,UQPEPUQQEQQTEQ,2402220200,H,40653927,14.2575,Rom,2026-03-27,N,WCF,14.257490229596462,att,NN---NNWOONNNN
1,2026-03-23 20:00:00,92,World Cup,San Marino,13.1849,16.6433,14.4818,18.0,14.75,16.75,16.75,15.25,19.25,16.75,8.75,11.0,Normal,0,0,3-5-2,3,5,2,5,0,19,ZHEHEQHQQUQEQP,3000300,N,Sverige,17.0,17.0,18.75,19.5,12.25,13.5,12.5,9.0,11.75,Play creatively,25,0,3-5-2,3,5,2,3,-10,14,UUEUEUQQQQQQQE,2023000300,A,40625640,18.8362,Sve,2026-03-23,N,WCSF,18.836181594831256,bal,NN-N-NMNNNM-NN
2,2026-03-20 20:00:00,92,World Cup,San Marino,16.5696,18.337,13.0348,15.0,16.0,16.0,13.5,18.75,20.75,14.75,9.0,10.75,Normal,0,0,2-5-3,2,5,3,3,3,18,UUEEHEQHQUHWQQ,3000,N,Dawlat Qatar,7.25,25.75,24.5,24.75,19.0,8.75,5.0,8.25,11.25,Counter-attacks,20,0,5-3-2,5,3,2,1,-10,14,ZQQHPQZUUEEQEP,404214240,H,40201628,15.3972,Daw,2026-03-20,N,WC5,15.397210525867754,bal,NN--N-NNNNMNNN
3,2026-03-16 20:00:00,92,World Cup,San Marino,13.2609,12.3914,12.174,12.0,22.25,24.75,22.75,15.25,14.25,14.0,8.75,11.75,Counter-attacks,18,0,4-4-2,4,4,2,0,-10,20,UHUEHUQQEUHEPQ,2000000,N,Argentina,12.0,22.75,25.75,22.75,12.0,12.75,11.5,8.5,11.75,Counter-attacks,18,0,4-4-2,4,4,2,0,-10,19,ZHHEQUQHEQUWHE,2002300300,A,40201618,12.5596,Arg,2026-03-16,CA,WC5,12.559642585610348,442ca,NNN-NDNN-NN-NN
4,2026-03-13 20:00:00,92,World Cup,San Marino,12.8586,13.3178,14.0067,13.5,19.75,20.0,18.75,14.0,14.5,15.25,8.5,11.5,Normal,0,0,3-5-2,3,5,2,4,0,21,UUEUEHHHQUQEQP,3000000,N,RomÃ¢nia,13.75,15.5,17.0,15.5,14.0,18.5,14.75,9.5,11.25,Normal,0,0,3-5-2,3,5,2,0,2,15,UPEUEUQQHUUHEW,3103000300,A,40201619,14.8752,Rom,2026-03-13,N,WC5,14.875213535703445,bal,NN-N-NMNNNN-NN
5,2026-03-06 20:00:00,92,World Cup,San Marino,12.7469,14.5051,12.5271,13.75,19.5,19.75,19.5,14.5,16.5,14.25,9.0,11.75,Normal,0,0,3-5-2,3,5,2,1,-5,20,UUEHEUHUQHQEQQ,23000300,N,Deutschland,14.0,17.0,17.0,17.75,17.25,18.5,17.25,9.75,12.25,Normal,0,0,3-4-3,3,4,3,2,3,18,ZUEHEQQUEHQQQW,0,A,40123266,14.943,Deu,2026-03-06,N,WC4,14.942997894542728,bal,NN-N-DMNNNM-NN
6,2026-03-02 20:00:00,92,World Cup,San Marino,10.2981,10.2981,10.9847,11.25,24.75,27.0,24.0,11.25,11.25,12.0,8.5,11.75,Counter-attacks,18,0,4-4-2,4,4,2,3,-7,20,UUHEUHHQEUQEQW,2000000000,N,Scotland,6.25,25.5,28.5,25.5,14.0,6.25,13.5,8.0,12.25,Counter-attacks,22,0,5-3-2,5,3,2,0,-10,15,ZQHUTQQEpEQQEQ,3404302044,H,40123261,12.6894,Sco,2026-03-02,CA,WC4,12.68944053525882,442ca,NDN-NNNN-NN-NN
7,2026-02-27 20:00:00,92,World Cup,San Marino,13.134,12.6564,11.94,11.5,18.0,18.25,17.25,13.75,13.25,12.5,8.75,11.75,Play creatively,25,0,3-5-2,3,5,2,3,5,22,UHEUEUQHQQHPQE,300,N,Polska,4.75,25.0,23.0,23.5,18.5,7.5,21.25,8.25,12.0,Counter-attacks,24,0,5-3-2,5,3,2,0,-5,14,SUUUUQQEEUUQEQ,400014144,A,40123265,14.3303,Pol,2026-02-27,PC,WC4,14.330335222752922,PC,NN-N-NNNNNMNN-
8,2026-02-20 20:00:00,92,World Cup,San Marino,11.8162,11.3617,12.7252,7.75,24.25,28.0,24.0,13.0,12.5,14.0,9.0,12.5,Counter-attacks,22,0,5-3-2,5,3,2,4,-10,19,UHUUUUHEQEQQQE,2004300000,N,ÄŒeskÃ¡ republika,14.25,13.75,10.5,13.5,16.5,19.5,20.25,11.0,11.75,Play creatively,26,0,2-5-3,2,5,3,4,0,15,UUEEEUUQQUQQUW,31143000,A,40032678,9.4313,ÄŒes,2026-02-20,CA,WC3,9.431328694577624,hardca,NDNNWMN-N-NNN-
9,2026-02-16 20:00:00,92,World Cup,San Marino,12.689,13.8639,13.159,11.75,18.25,19.5,18.75,13.5,14.75,14.0,8.25,11.25,Normal,0,0,3-5-2,3,5,2,4,0,22,UUEUEHHUQUQEQW,3000300,N,Lubnan,11.75,16.5,16.75,15.5,13.75,14.75,12.25,6.25,9.75,Normal,0,0,3-5-2,3,5,2,1,0,14,ZZEHEQQHUTQPQE,3000300,H,40032664,15.6708,Lub,2026-02-16,N,WC3,15.67078560062454,bal,NN-N-NMNNNM-NN
10,2026-02-13 20:00:00,92,World Cup,San Marino,15.2611,15.2611,13.8076,13.5,17.25,17.5,17.5,15.75,15.75,14.25,8.5,11.0,Normal,0,0,3-5-2,3,5,2,2,3,21,UHEUEUQQUUHPQE,300,N,Madagasikara,8.75,21.5,24.25,22.25,15.5,8.75,15.5,9.5,12.5,Counter-attacks,17,0,4-4-2,4,4,2,0,-10,15,ZTZETUUHETQQEH,44,A,40032648,14.9199,Mad,2026-02-13,N,WC3,14.919905626593309,bal,NN-N-NNNNNMNN-
11,2026-02-06 20:00:00,92,World Cup,San Marino,15.5693,15.3334,15.0975,17.25,16.5,17.0,17.0,16.5,16.25,16.0,8.5,11.0,Normal,0,0,3-5-2,3,5,2,2,5,22,UHEUEUQQHUHPEQ,0,H,Espana,9.5,23.25,25.5,21.75,14.75,10.5,10.75,10.25,13.0,Counter-attacks,20,0,4-4-2,4,4,2,0,-10,15,UUHEUUUEpQQEQQ,20000,A,39851870,13.4347,Esp,2026-02-06,N,WC2,13.43469133280511,bal,NN-N-NNNNNNN-N
12,2026-01-30 20:00:00,92,World Cup,San Marino,10.4828,10.239,10.239,11.25,25.0,28.0,25.0,10.75,10.5,10.5,8.75,12.0,Counter-attacks,16,0,4-4-2,4,4,2,3,-10,20,UUHEUUQUEQHWQE,2020000000,A,Colombia,16.75,13.0,13.5,12.25,14.75,20.0,14.75,8.5,10.0,Play creatively,23,0,3-4-3,3,4,3,0,4,13,ZUEUEQHQEQUQQP,3103113000,H,39851837,12.5128,Col,2026-01-30,CA,WC2,12.51282866181543,442ca,NDN-DNNN-NNNN-
13,2026-01-26 20:00:00,92,World Cup,San Marino,11.8944,11.6517,11.8944,11.0,22.25,24.75,22.25,12.25,12.0,12.25,9.0,12.0,Counter-attacks,16,0,4-4-2,4,4,2,1,-10,19,UUHEUUHUEUHEPH,2002000000,H,ÄŒeskÃ¡ republika,17.0,17.25,15.5,15.0,15.75,16.5,14.5,10.25,12.0,Normal,0,0,3-5-2,3,5,2,1,0,15,UUEUEUUHQUQUEU,103000300,A,39851805,10.9513,ÄŒes,2026-01-26,CA,WC2,10.951261767158856,442ca,NDN-NDNN-NN-NN
14,2026-01-23 20:00:00,92,World Cup,San Marino,12.3846,12.6374,11.8791,14.75,18.25,20.5,20.25,12.25,12.5,11.75,8.75,11.5,Normal,0,0,3-5-2,3,5,2,3,0,18,UUEUEUHHUUHEWQ,300,A,ÄŒeskÃ¡ republika,15.0,15.75,15.75,16.5,15.25,17.5,15.75,11.0,12.25,Normal,0,0,3-5-2,3,5,2,0,0,15,UQEUEUQUQQQQEU,103000300,H,39851774,14.4011,ÄŒes,2026-01-23,N,WC2,14.401131047535218,bal,NN-N-NNNNNM-NN
15,2026-01-19 20:00:00,92,World Cup,San Marino,15.7072,16.4672,14.6938,12.5,17.25,16.5,17.0,15.5,16.25,14.5,8.5,11.0,Normal,0,0,3-5-2,3,5,2,2,0,20,ZUEUEHQQUUHEPQ,300,H,Colombia,8.5,21.5,24.75,21.75,12.0,11.0,12.0,8.25,11.5,Counter-attacks,18,0,4-4-2,4,4,2,2,-10,15,ZQQEQQHHEQUUWE,0,A,39851746,13.2745,Col,2026-01-19,N,WC2,13.2745315208577,bal,NN-N-NNNNNM-NN
16,2026-01-16 20:00:00,92,World Cup,San Marino,12.0106,12.2609,12.2609,8.25,22.25,25.0,22.5,12.0,12.25,12.25,8.25,11.5,Counter-attacks,18,0,4-4-2,4,4,2,2,-10,21,ZUHEUHQQEHHEWQ,2002000000,A,Espana,12.5,16.0,15.25,14.25,15.5,18.0,14.5,10.75,12.5,Play creatively,24,0,3-5-2,3,5,2,3,2,17,UHEHEUQHQHQEQP,3101300,H,39851710,11.6294,Esp,2026-01-16,CA,WC2,11.629428073191953,442ca,NDN-NDNN-NN-NN
17,2026-01-09 20:00:00,92,World Cup,San Marino,14.6856,17.2621,12.6245,15.25,14.5,16.25,13.25,14.25,16.75,12.25,8.75,11.0,Normal,0,0,2-5-3,2,5,3,3,10,20,ZUEEUEQUHHHWQQ,30003000,A,Puerto Rico,11.0,22.25,26.0,22.5,11.25,11.75,11.5,10.0,12.75,Counter-attacks,20,0,4-4-2,4,4,2,1,-10,16,ZHHEPUUPEUQEQP,2202300300,H,39042383,16.6592,Pue,2026-01-09,N,WC1,16.659183681088756,att,NN--N-MNNNMNNN
18,2026-01-02 20:00:00,92,World Cup,San Marino,13.7609,15.7996,13.2512,15.75,16.5,16.75,16.0,13.5,15.5,13.0,8.75,10.75,Normal,0,0,3-5-2,3,5,2,0,0,17,ZUEUEHHUUQHPQE,3000300,H,Madagasikara,6.75,23.75,26.5,26.5,11.75,5.75,15.75,10.0,13.75,Counter-attacks,23,0,5-3-2,5,3,2,1,-10,16,ZQTPQUUEEQQQEH,2040004044,A,39042337,13.7558,Mad,2026-01-02,N,WC1,13.755775816083956,bal,NN-N-NMNNNMNN-
19,2025-12-26 20:00:00,92,World Cup,San Marino,12.5789,14.1191,12.8356,15.75,17.75,17.5,18.25,12.25,13.75,12.5,8.5,11.0,Normal,0,0,3-5-2,3,5,2,1,-5,18,ZUEHEHHQUQHWQE,103000300,A,Oceania,13.5,17.0,17.5,14.75,14.75,15.75,12.0,9.0,11.75,Normal,0,0,3-5-2,3,5,2,1,0,15,ZQETEHQHQQUEQP,300,H,39042287,15.6161,Oce,2025-12-26,N,WC1,15.616054866844578,bal,NN-O-NMNNNMNN-
20,2025-12-19 20:00:00,92,World Cup,San Marino,11.5638,11.0381,11.301,11.0,22.25,24.25,21.5,11.0,10.5,10.75,7.75,11.0,Counter-attacks,18,0,4-4-2,4,4,2,2,-10,18,UUUEUHQUQEQPQE,2002000000,H,El Salvador,12.75,19.0,21.25,19.0,9.75,9.75,9.5,9.75,13.25,Pressing,13,0,4-5-1,4,5,1,1,-10,22,ZPHEPQQHQTQWEE,2002300030,A,39042240,11.55,El ,2025-12-19,CA,WC1,11.54998115243744,442ca,NDN-NDNNN-NNN-
21,2025-12-12 20:00:00,92,World Cup,San Marino,13.6363,15.404,12.8788,15.5,17.25,15.5,15.25,13.5,15.25,12.75,8.25,10.25,Normal,0,0,3-5-2,3,5,2,0,-5,17,UUEHEHQQUUQWQE,103000300,A,Slovensko,13.5,17.5,16.75,17.75,19.5,15.75,17.5,10.75,13.5,Normal,0,0,3-5-2,3,5,2,3,5,15,ZUEHEHHHTUUUEU,401000,H,39042207,15.5468,Slo,2025-12-12,N,WC1,15.546796833318377,bal,NN-O-NMNNNMNN-
22,2025-12-05 20:00:00,92,World Cup,San Marino,15.4395,15.9541,13.8955,17.25,17.5,16.75,15.5,15.0,15.5,13.5,8.25,10.5,Normal,0,0,3-5-2,3,5,2,2,5,18,ZUEHEHQQUHQPQE,300,H,Puerto Rico,7.25,23.75,27.5,23.75,14.0,7.0,14.25,10.0,13.0,Counter-attacks,25,0,5-3-2,5,3,2,1,-10,15,ZUTHHHUEpEQQEQ,2004302044,A,39042145,13.5549,Pue,2025-12-05,N,WC1,13.55486070429308,bal,NN-N-NNNNNMNN-
23,2025-11-28 20:00:00,92,World Cup,San Marino,11.7034,13.2639,12.4837,14.25,20.5,19.0,19.75,11.25,12.75,12.0,8.25,10.75,Normal,0,0,3-5-2,3,5,2,1,-10,18,ZUEHEHQUQUQWQE,2103000300,A,Madagasikara,14.25,17.0,15.75,16.25,17.0,14.75,14.0,9.75,12.5,Normal,0,0,3-5-2,3,5,2,1,4,16,ZQETEUUTTHUEQP,103400300,H,39042095,16.2019,Mad,2025-11-28,N,WC1,16.201853048043017,AoD,ND-O-NMNNNMNN-
24,2025-11-21 20:00:00,92,World Cup,San Marino,15.8296,15.5657,14.5104,14.5,17.25,17.0,17.25,15.0,14.75,13.75,8.25,10.75,Normal,0,0,3-5-2,3,5,2,0,5,16,ZUEUEHQUQHQPQE,300,H,Oceania,9.0,22.5,26.75,23.75,14.25,8.0,14.25,8.5,12.75,Counter-attacks,20,0,4-4-2,4,4,2,0,-10,14,ZHQEUQQQEQUHEH,44,A,39042047,14.2347,Oce,2025-11-21,N,WC1,14.234696553408222,bal,NN-N-NNNNNMNN-
25,2025-11-17 20:00:00,92,World Cup,San Marino,12.8436,14.8986,12.3298,12.25,18.5,16.75,16.25,12.5,14.5,12.0,8.25,10.5,Normal,0,0,3-5-2,3,5,2,0,-3,15,UUEUEHQQUHQWQE,2103000300,A,El Salvador,10.0,23.25,26.5,23.0,8.75,8.5,8.75,10.25,14.0,Counter-attacks,19,0,4-4-2,4,4,2,2,-10,21,UQUEUTQHQEQQEQ,2020000000,H,39042003,15.786,El ,2025-11-17,N,WC1,15.7859596910427,bal,ND-O-NMNNNMNN-
26,2025-11-14 20:00:00,92,World Cup,San Marino,15.2402,15.4942,12.7002,11.5,17.25,16.75,16.0,15.0,15.25,12.5,8.25,10.5,Normal,0,0,3-5-2,3,5,2,1,0,14,UUEUEHQQUHQPQE,300,H,Slovensko,8.75,23.0,25.75,23.0,12.75,11.5,12.5,10.5,13.75,Counter-attacks,18,0,4-4-2,4,4,2,2,-10,15,ZHHEUUUUETHUEU,0,A,39041956,13.6986,Slo,2025-11-14,N,WC1,13.6986301369863,bal,NN-N-NNNNNMNN-
27,2025-11-03 20:00:00,92,Europe Cup,San Marino,14.1486,16.3068,13.4291,10.75,18.25,17.25,15.75,14.75,17.0,14.0,8.75,11.0,Normal,0,0,3-5-2,3,5,2,1,0,17,ZUEUEHQQUUHPQE,3000300,N,Eesti,8.0,22.5,24.75,21.5,14.25,13.0,13.25,9.0,12.0,Counter-attacks,19,0,4-4-2,4,4,2,5,-10,14,UZUEPUQQUEUEUW,0,A,38986410,15.9911,Ees,2025-11-03,N,CCSF,15.991122594688791,bal,NN-N-NMNNNMNN-
28,2025-10-31 20:00:00,92,Europe Cup,San Marino,13.4558,14.4344,13.4558,17.75,17.25,17.75,17.5,13.75,14.75,13.75,8.5,11.0,Normal,0,0,3-5-2,3,5,2,5,0,17,ZQEHEHHQUQQEQP,3000300,N,Sverige,12.5,19.0,22.0,20.0,11.75,11.75,10.75,9.5,12.25,Counter-attacks,18,0,4-4-2,4,4,2,3,-10,14,UUUEUUQUEQQEQW,2300300,A,38938442,14.8684,Sve,2025-10-31,N,CCQF,14.86840906506384,bal,NN-N-NMNNNM-NN
29,2025-10-24 20:00:00,92,Europe Cup,San Marino,12.4276,12.9056,12.9056,12.0,22.5,24.5,22.75,13.0,13.5,13.5,8.5,11.25,Counter-attacks,19,0,4-4-2,4,4,2,2,-10,18,ZUUEUHQQEUHPHE,2002000000,H,Lietuva,15.75,14.25,12.5,14.5,17.75,20.0,18.0,9.25,11.5,Normal,0,0,2-5-3,2,5,3,3,10,15,UHEEEHQHPHQUQQ,30003000,A,38539621,11.1437,Lie,2025-10-24,CA,CC,11.143651958855184,442ca,NDN-NDNN-NNNN-
30,2025-10-17 20:00:00,92,Europe Cup,San Marino,13.2101,12.2665,12.2665,11.5,21.25,23.5,22.0,14.0,13.0,13.0,8.25,11.25,Counter-attacks,18,0,4-4-2,4,4,2,1,-10,18,ZHUEUUHUEUQEHW,2000000,A,Scotland,15.5,16.0,14.0,16.25,14.5,16.5,15.0,9.5,11.25,Normal,0,0,3-5-2,3,5,2,1,0,13,ZHETETQHUHQEQP,103010300,H,38539597,12.8367,Sco,2025-10-17,CA,CC,12.836687683149416,442ca,NNN-NDNN-NN-NN
31,2025-10-10 20:00:00,92,Europe Cup,San Marino,12.9995,12.5352,12.7673,12.25,21.0,23.0,21.75,14.0,13.5,13.75,8.0,10.75,Counter-attacks,18,0,4-4-2,4,4,2,2,-10,19,ZHUEUUHEUQQEHP,2000000,H,Italia,17.75,17.75,18.25,18.75,13.0,14.0,13.75,9.5,12.0,Normal,0,0,3-5-2,3,5,2,2,0,14,UUEUEHQHQHQEQW,103000300,A,38539572,11.4762,Ita,2025-10-10,CA,CC,11.476192082425383,442ca,NNN-NDN-NNN-NN
32,2025-10-03 20:00:00,92,Europe Cup,San Marino,12.6994,13.1786,12.6994,14.75,19.0,18.75,18.75,13.25,13.75,13.25,7.5,10.25,Normal,0,0,3-5-2,3,5,2,3,5,17,UHEUEQQUQQHPEH,3000300,H,FÃ¸royar,8.25,21.25,24.0,21.25,13.5,7.25,15.25,8.25,12.25,Counter-attacks,16,0,4-4-2,4,4,2,0,-10,11,ZQUEQHQpEUQHEU,24044,A,38539549,14.0345,FÃ¸r,2025-10-03,N,CC,14.034496886317184,bal,NN-N-NMNNNMN-N
33,2025-09-26 20:00:00,92,Europe Cup,San Marino,12.1728,10.7121,12.9032,8.0,24.75,28.25,24.25,12.5,11.0,13.25,8.25,11.75,Counter-attacks,23,0,5-3-2,5,3,2,3,-10,17,UHUUHQHEQEQQEH,2004300000,A,Belarus,16.25,12.25,9.5,13.25,16.75,22.25,17.75,7.75,9.25,Normal,0,0,2-5-3,2,5,3,1,10,10,ZSEEEQUZHQQPQU,31110000,H,38539525,9.4768,Bel,2025-09-26,CA,CC,9.476820952678525,hardca,NDNNWMN-N-NN-N
34,2025-09-19 20:00:00,92,Europe Cup,San Marino,13.969,14.9493,13.4789,16.5,17.25,16.5,16.75,14.25,15.25,13.75,8.0,10.5,Normal,0,0,3-5-2,3,5,2,3,0,18,UHEHEUQHQQHWEH,103000300,A,Lietuva,17.0,16.75,15.5,17.5,15.5,18.0,16.25,8.5,12.0,Normal,0,0,3-5-2,3,5,2,2,0,17,ZHEUEHQHHHQQEQ,101113300,H,38539499,15.3974,Lie,2025-09-19,N,CC,15.397380559931532,bal,NN-O-NMNNNMN-N
35,2025-09-15 20:00:00,92,Europe Cup,San Marino,12.9438,11.2342,11.2342,11.5,23.25,25.0,22.25,13.25,11.5,11.5,8.0,11.5,Counter-attacks,17,0,4-4-2,4,4,2,2,-10,17,ZHUEHUQHQEHEQH,2000000,H,Scotland,7.0,24.0,27.75,22.75,15.25,6.25,14.75,7.75,11.75,Counter-attacks,21,0,5-3-2,5,3,2,2,-10,12,ZTUTHQQEpEQQEQ,4312144,A,38539476,11.4244,Sco,2025-09-15,CA,CC,11.42436597191073,442ca,NNN-NDNNN-N-NN
36,2025-09-12 20:00:00,92,Europe Cup,San Marino,10.3992,12.1324,11.142,11.75,22.0,22.5,21.5,10.5,12.25,11.25,8.25,11.25,Normal,0,0,3-5-2,3,5,2,2,-10,18,ZUEHEHHQHQQEQW,2023000300,A,Italia,14.0,11.75,15.0,15.75,14.0,20.25,17.5,9.5,11.0,Normal,0,0,2-5-3,2,5,3,1,0,14,ZEHEEHQHQHQQQP,1030003000,H,38539455,15.4568,Ita,2025-09-12,N,CC,15.456760950466704,AoD,ND-N-DMNNNM-NN
37,2025-09-08 20:00:00,92,Europe Cup,San Marino,14.0,16.0,14.75,14.5,17.0,16.5,17.0,14.0,16.0,14.75,8.5,11.0,Normal,0,0,3-5-2,3,5,2,5,0,16,ZUEHEHQHQQQEQW,3000300,A,FÃ¸royar,13.25,8.5,13.0,8.25,12.5,19.25,12.25,9.5,11.0,Attack in the middle,23,0,2-5-3,2,5,3,4,10,11,ZEUEHEQZHQQTPU,1130103000,H,38539429,15.6864,FÃ¸r,2025-09-08,N,CC,15.686411496256326,bal,NN-N-NMNNNM-NN
38,2025-09-05 20:00:00,92,Europe Cup,San Marino,14.5,16.25,16.0,11.75,16.25,16.0,16.75,14.5,16.25,16.0,8.0,10.75,Normal,0,0,3-5-2,3,5,2,2,3,17,ZUEHEHQHQHQHEP,3000000,H,Belarus,5.75,23.75,21.25,23.0,17.5,9.25,16.75,7.5,11.25,Counter-attacks,23,0,5-3-2,5,3,2,2,-2,12,ZUSTQTQQEEZWEU,440004004,A,38539404,13.9964,Bel,2025-09-05,N,CC,13.99642644431209,bal,NN-N-NMNNNNN-N
39,2025-08-29 20:00:00,92,Friendly,San Marino,,,,7.25,16.75,18.75,16.75,12.0,10.5,11.75,7.0,9.75,Normal,0,0,4-4-2,4,4,2,0,0,9,ZHUEQUHHEUQPEP,0,H,Angola,7.5,18.0,17.75,15.5,5.75,8.0,8.0,6.75,10.25,Normal,0,0,4-5-1,4,5,1,0,0,10,ZHHPHETUHTQEEU,14000030,A,38551290,,Ang,2025-08-29,N,F,,bal,NNN-NNNN-NNN-N
40,2025-08-22 20:00:00,92,Friendly,San Marino,,,,7.0,17.75,19.75,17.25,11.5,11.5,11.75,7.75,10.75,Counter-attacks,13,0,4-4-2,4,4,2,0,0,10,ZHUEZUHUEUQPHE,0,H,Brasil,9.5,22.5,23.75,21.5,10.75,10.0,10.0,6.25,10.25,Play creatively,20,0,4-3-3,4,3,3,2,-10,12,ZQQEQQUEHEQQQW,2002010000,A,38516113,,Bra,2025-08-22,CA,F,,442ca,NNN-NNNN-NNNN-
41,2025-08-15 20:00:00,90,Friendly,San Marino,,,,7.5,18.75,20.0,15.5,9.0,9.0,11.25,7.5,9.75,Counter-attacks,12,0,4-4-2,4,4,2,1,-10,12,ZUZEHUHQEQUETW,2000000020,A,Oceania,8.75,24.0,21.25,25.5,13.25,11.5,13.0,9.0,12.25,Counter-attacks,18,0,4-4-2,4,4,2,0,-10,13,ZUQEUQUQEUQUEP,440000000,H,38365713,,Oce,2025-08-15,CA,F,,442ca,NDN-NNNN-NN-DN
42,2025-08-08 20:00:00,90,Nations Cup,San Marino,13.7677,15.7345,13.0301,10.5,16.75,15.75,15.25,14.0,16.0,13.25,8.25,10.5,Normal,0,0,3-5-2,3,5,2,0,0,17,ZUEUEHQQQQHHPE,103000300,H,Hellas,9.75,18.75,19.25,18.25,13.25,14.5,13.5,9.0,11.5,Normal,0,0,3-5-2,3,5,2,3,0,12,UZEUEUQQUHQUEH,3000300,A,38007406,13.2935,Hel,2025-08-08,N,NC,13.29353891851945,bal,NN-O-NMNNNMNN-
43,2025-08-01 20:00:00,90,Nations Cup,San Marino,13.2995,14.3033,13.8014,17.25,16.75,17.75,17.5,13.25,14.25,13.75,8.0,11.0,Normal,0,0,3-5-2,3,5,2,3,5,15,ZUEUEHQQQQHEWH,3000300,A,MagyarorszÃ¡g,15.75,16.75,16.5,14.75,15.25,16.5,15.75,9.25,11.5,Normal,0,0,3-5-2,3,5,2,1,0,13,ZHEQEQQUpUQEPU,103020300,H,37945915,15.2503,Mag,2025-08-01,N,NC,15.250295198419176,bal,NN-N-NMNNNM-NN
44,2025-07-25 20:00:00,90,Nations Cup,San Marino,12.0019,12.0019,12.482,10.25,21.25,23.5,22.5,12.5,12.5,13.0,7.5,10.75,Counter-attacks,19,0,4-4-2,4,4,2,0,-10,18,ZUUEUHHQQEQHWE,2002000000,A,Deutschland,11.25,22.5,24.75,22.25,13.0,12.25,15.5,9.25,12.0,Counter-attacks,18,0,4-4-2,4,4,2,2,-10,12,UUHEHUUQEUQEQP,304300,H,37909380,12.8235,Deu,2025-07-25,CA,NC,12.823499035969038,442ca,NDN-NDNNN-NNN-
45,2025-07-18 20:00:00,90,Nations Cup,San Marino,11.934,16.5615,14.126,14.75,12.0,14.5,13.0,12.25,17.0,14.5,7.75,10.0,Play creatively,23,0,2-5-3,2,5,3,4,10,18,ZEUEEUHQQHHQWH,30003000,A,Prathet Thai,14.25,14.25,16.0,16.75,12.5,16.0,14.25,9.0,11.25,Normal,0,0,3-5-2,3,5,2,2,0,14,ZHEUEPQUHHUUEP,3000300,H,37868623,14.6796,Pra,2025-07-18,PC,NC,14.679576555529456,att,N-N--NMNNNMNNN
46,2025-07-11 20:00:00,90,Nations Cup,San Marino,12.1587,13.6475,13.1513,16.0,16.0,17.0,17.0,12.25,13.75,13.25,7.75,10.5,Play creatively,22,0,3-5-2,3,5,2,3,5,17,ZUEUEHHHQQQQPE,3000300,H,Belize,11.0,23.5,24.5,22.0,12.25,12.25,12.0,8.0,11.0,Counter-attacks,20,0,4-4-2,4,4,2,1,-10,16,ZZQEURUQEUQQEQ,2000000000,A,37826935,12.4639,Bel,2025-07-11,PC,NC,12.463888640649088,PC,NN-N-NMNNNMNN-
47,2025-07-04 20:00:00,90,Nations Cup,San Marino,12.2661,13.7681,13.0171,13.75,16.0,16.75,16.5,12.25,13.75,13.0,7.75,10.5,Play creatively,24,0,3-5-2,3,5,2,5,0,18,ZUEUEHHQUQQQWE,3000300,A,Ukraina,12.0,16.75,14.25,18.25,15.25,17.25,16.0,8.75,10.75,Normal,0,0,2-5-3,2,5,3,4,0,11,ZTEEETUQHHUPPQ,0,H,37784550,15.3064,Ukr,2025-07-04,PC,NC,15.306401942943308,PC,NN-N-NMNNNMNN-
48,2025-06-27 20:00:00,90,Nations Cup,San Marino,14.8608,17.1668,12.0424,14.0,13.75,14.75,11.75,14.5,16.75,11.75,8.25,10.0,Play creatively,24,0,2-5-3,2,5,3,4,10,16,ZUEEUEQUQQHPQH,30003000,H,Cabo Verde,7.5,19.25,23.25,18.75,8.75,16.0,8.5,7.75,10.5,Counter-attacks,19,0,5-2-3,5,2,3,2,-4,10,ZQQPQPEHEPEUQW,2000200000,A,37741971,13.028,Cab,2025-06-27,PC,NC,13.027978475596791,att,NN--N-MNNNMNNN
49,2025-06-20 20:00:00,90,Nations Cup,San Marino,15.3725,20.1025,17.2645,12.75,13.5,12.0,13.75,16.25,21.25,18.25,8.0,10.0,Normal,0,0,2-5-3,2,5,3,0,10,17,ZUEEEHQUUQQWQH,30003000,A,Slovenija,14.0,22.25,23.0,22.75,11.25,11.75,11.25,9.0,12.25,Normal,0,0,3-5-2,3,5,2,4,-10,14,ZHEUEHUUQHQHEH,3000300,H,37702073,14.3062,Slo,2025-06-20,N,NC,14.306187904631129,att,NN---NMNNNMNNN
50,2025-06-13 20:00:00,90,Nations Cup,San Marino,11.8761,12.1089,12.5746,11.0,22.25,25.25,23.5,12.75,13.0,13.5,7.75,10.75,Counter-attacks,19,0,4-4-2,4,4,2,0,-10,18,ZQUEUHQQEUQWHE,2002000000,A,Venezuela,7.25,25.0,26.25,25.0,14.0,7.0,13.5,9.0,12.5,Counter-attacks,22,0,5-3-2,5,3,2,0,-10,15,ZUPTPZHEpEHQEQ,3404002044,H,37661619,12.5004,Ven,2025-06-13,CA,NC,12.500351419613072,442ca,NDN-NDNN-NNNN-
51,2025-06-06 20:00:00,90,Nations Cup,San Marino,11.8824,11.8824,12.568,10.25,21.25,24.0,22.0,13.0,13.0,13.75,7.5,10.5,Counter-attacks,18,0,4-4-2,4,4,2,2,-6,17,ZQUEUHQUEQQPHE,1000,H,Palestine,13.25,15.25,13.75,15.0,15.0,18.0,15.75,8.25,11.0,Normal,0,0,3-5-2,3,5,2,2,4,13,ZUEHEHPTQHUUEW,103010300,A,37619613,10.0519,Pal,2025-06-06,CA,NC,10.05191963790109,442ca,NNN-NNNN-ONNN-
52,2025-05-30 20:00:00,90,Nations Cup,San Marino,11.4722,11.0039,11.4722,9.5,23.5,25.5,23.75,12.25,11.75,12.25,7.5,11.0,Counter-attacks,18,0,4-4-2,4,4,2,4,-10,16,ZQHEUHQHEUQWQE,3402000000,A,MagyarorszÃ¡g,12.25,16.75,15.25,16.5,15.75,17.75,15.25,10.25,12.0,Normal,0,0,3-5-2,3,5,2,1,0,13,ZQETEUQUUHUUEU,3010300,H,37575351,11.9019,Mag,2025-05-30,CA,NC,11.90194084718769,442ca,NMW-NDNN-NNNN-
53,2025-05-23 20:00:00,90,Nations Cup,San Marino,11.1459,11.3882,10.419,15.25,21.0,22.0,21.5,11.5,11.75,10.75,7.75,10.75,Normal,0,0,3-5-2,3,5,2,5,0,16,ZHEUEUQQHUQPEH,3000300,H,SÃ£o TomÃ© e PrÃ­ncipe,14.25,15.75,15.25,15.25,14.0,16.0,13.5,8.5,10.5,Normal,0,0,3-5-2,3,5,2,1,0,14,UUEHEHHHUUQWEU,103000300,A,37517122,12.6814,SÃ£o,2025-05-23,N,NC,12.681371608632809,bal,NN-N-NMNNNMN-N
54,2025-05-16 20:00:00,90,Nations Cup,San Marino,13.6844,16.2797,14.3922,16.0,15.5,16.75,16.5,14.5,17.25,15.25,8.0,10.5,Normal,0,0,3-5-2,3,5,2,2,5,15,ZHEUEUQQHQQWQE,3000300,A,Liechtenstein,10.0,22.25,22.75,21.75,13.0,13.25,14.5,8.0,11.25,Counter-attacks,20,0,4-4-2,4,4,2,3,-10,12,ZUQEUUQEQQHEQH,3400010000,H,37489563,14.9723,Lie,2025-05-16,N,NC,14.97229165237221,bal,NN-N-NMNNNMNN-
55,2025-05-09 20:00:00,90,Nations Cup,San Marino,10.5008,14.7512,12.501,13.75,13.75,17.0,16.25,10.5,14.75,12.5,8.25,10.25,Play creatively,23,0,2-5-3,2,5,3,6,10,17,ZEUEEUHQHQQWQH,30003000,A,Tounes,7.0,18.25,21.5,19.25,12.5,8.5,4.0,6.25,9.5,Counter-attacks,16,0,5-3-2,5,3,2,0,-10,8,ZZZZQZUHpEEQUE,214200,H,37461514,15.3976,Tou,2025-05-09,PC,NC,15.397574363142644,att,N-N--NMNNNMNNN
56,2025-05-02 20:00:00,90,Nations Cup,San Marino,13.7682,14.9975,13.5224,13.25,15.5,15.75,15.0,14.0,15.25,13.75,8.0,10.5,Play creatively,23,0,3-5-2,3,5,2,1,5,16,ZHEUEUHHQQQWEH,3000300,A,Lubnan,12.25,19.75,19.5,19.75,10.5,10.75,13.25,6.5,9.5,Normal,0,0,3-5-2,3,5,2,2,-10,12,ZTEUETHTHQHPQE,2023004300,H,37431076,14.9767,Lub,2025-05-02,PC,NC,14.976650094325738,PC,NN-N-NMNNNMN-N
57,2025-04-25 20:00:00,90,Nations Cup,San Marino,13.7138,15.6386,13.9544,13.0,16.75,18.0,17.5,14.25,16.25,14.5,8.25,10.5,Normal,0,0,3-5-2,3,5,2,2,0,16,ZHEUEQHQHQQPEH,3000300,H,Bangladesh,13.0,16.25,17.0,17.0,13.5,13.75,13.25,8.0,11.25,Normal,0,0,3-5-2,3,5,2,3,3,12,ZUEHEHUUPHQEQW,3000300,A,37289263,12.5501,Ban,2025-04-25,N,NC,12.550142318042756,bal,NN-N-NMNNNMN-N
58,2025-04-18 20:00:00,90,Nations Cup,San Marino,14.034,14.5097,13.7962,12.75,18.0,17.25,17.5,14.75,15.25,14.5,8.25,10.75,Normal,0,0,3-5-2,3,5,2,2,0,16,ZHEUEQHQHQQWEH,103000300,A,Guam,12.25,16.5,16.0,16.5,13.0,14.5,12.5,8.25,11.5,Normal,0,0,3-5-2,3,5,2,2,0,15,ZUEHEUQUUHTEQP,103000300,H,36941506,15.6751,Gua,2025-04-18,N,NC,15.675074464047212,bal,NN-O-NMNNNMN-N
59,2025-04-11 20:00:00,90,Nations Cup,San Marino,13.4962,13.7372,12.7731,11.25,19.0,18.5,17.25,14.0,14.25,13.25,7.75,10.75,Normal,0,0,3-5-2,3,5,2,4,0,16,ZHEUEQHUHQQPEH,3001300,H,Madagasikara,11.25,18.5,17.75,17.0,14.0,16.25,12.0,10.25,12.5,Normal,0,0,3-5-2,3,5,2,2,-5,16,ZUETEQUUTHUUEW,2023100300,A,36872573,12.3436,Mad,2025-04-11,N,NC,12.343631303119649,bal,NN-N-NMNNOMN-N
60,2025-04-04 20:00:00,90,Nations Cup,San Marino,12.25,12.5,12.0,10.5,20.25,20.25,19.5,12.25,12.5,12.0,8.0,10.75,Normal,0,0,3-5-2,3,5,2,5,0,16,ZHEUEQHQHQQWEH,3000300,A,PerÃº,9.75,16.75,16.25,15.75,15.5,15.5,15.0,9.0,11.5,Normal,0,0,3-5-2,3,5,2,1,5,12,ZUEHEHQHHHQEQP,0,H,36853850,14.9954,Per,2025-04-04,N,NC,14.995425848719474,bal,NN-N-NMNNNMN-N
61,2025-03-28 20:00:00,90,Friendly,San Marino,,,,10.0,9.25,11.75,11.75,12.25,10.0,9.25,5.5,8.5,Play creatively,19,0,3-5-2,3,5,2,1,0,10,ZHEHEUQQQQHEWQ,0,A,Slovensko,8.25,20.25,20.0,19.75,12.5,12.0,11.5,8.25,11.5,Normal,0,0,3-5-2,3,5,2,1,-10,12,ZHEQEHQQUHUQEQ,300,H,36814284,,Slo,2025-03-28,PC,F,,PC,NN-N-NNNNNN-NN
62,2025-03-21 20:00:00,90,Friendly,San Marino,,,,8.0,14.75,17.25,14.75,10.0,8.25,8.0,6.0,9.0,Counter-attacks,18,0,4-4-2,4,4,2,1,-10,13,ZHQEHUQQEQHEQQ,0,A,Rwanda,5.0,10.5,12.5,11.5,2.5,2.5,6.5,4.5,6.0,Normal,0,0,4-5-1,4,5,1,0,-10,4,ZZQEHZQZpHHEEH,2002322214,H,36777466,,Rwa,2025-03-21,CA,F,,442ca,NNN-NNNN-NN-NN
63,2025-03-14 20:00:00,90,Europe Cup,San Marino,11.3195,11.846,11.846,18.75,20.75,21.5,21.0,10.75,11.25,11.25,8.0,11.0,Normal,0,0,3-5-2,3,5,2,3,-10,17,ZUEUEHQQQUHHPE,3000300,H,Espana,17.0,15.25,14.75,15.5,14.0,15.5,14.5,11.0,12.75,Play creatively,25,0,3-5-2,3,5,2,2,0,17,UUEHEUQHUQUWQE,103000300,A,36370664,13.7575,Esp,2025-03-14,N,CC,13.757455481665868,AoD,NN-N-NMNNNMNN-
64,2025-03-07 20:00:00,90,Europe Cup,San Marino,12.0753,9.6602,11.807,8.0,26.5,27.0,25.25,11.25,9.0,11.0,7.75,11.5,Counter-attacks,22,0,5-3-2,5,3,2,2,-10,16,ZUHUUHQEHEHEQH,2400200000,A,MagyarorszÃ¡g,15.75,14.5,13.25,10.75,19.25,20.25,19.25,10.25,11.5,Normal,0,0,2-5-3,2,5,3,2,10,12,ZUEEHEHUUUQUQQ,40000,H,36370640,9.9548,Mag,2025-03-07,CA,CC,9.95483592332103,hardca,NDWNNDN-N-N-NN
65,2025-02-28 20:00:00,90,Europe Cup,San Marino,13.8782,16.5995,14.1504,16.75,15.25,16.0,15.5,12.75,15.25,13.0,8.5,11.0,Normal,0,0,3-5-2,3,5,2,0,10,16,ZHEUEUHQHTQEPP,3000300,H,Bulgaria,5.5,25.75,26.5,25.75,16.25,7.0,16.5,10.5,14.0,Counter-attacks,26,0,5-3-2,5,3,2,1,-8,14,ZUHUUUQUEEHQEQ,2004014144,A,36370616,13.8114,Bul,2025-02-28,N,CC,13.81142003836104,att,NN-N-NMNNNM-NN
66,2025-02-21 20:00:00,90,Europe Cup,San Marino,11.9056,12.4347,12.9639,10.25,24.5,22.5,23.5,11.25,11.75,12.25,8.0,11.25,Counter-attacks,16,0,4-4-2,4,4,2,0,-10,15,ZUUEUHHEQHQEQP,2402010000,H,Danmark,10.0,28.75,28.5,28.0,12.75,8.75,14.0,9.0,12.5,Counter-attacks,19,0,4-4-2,4,4,2,5,-10,18,UQUEUQQEQUUUEW,400004000,A,36370592,10.7288,Dan,2025-02-21,CA,CC,10.728794729398622,442ca,NDW-NDN-ONN-NN
67,2025-02-14 20:00:00,90,Europe Cup,San Marino,12.682,19.5514,12.9462,16.75,9.0,14.5,9.0,12.0,18.5,12.25,7.25,9.5,Attack in the middle,23,0,2-5-3,2,5,3,2,10,17,ZEUEUEQTUHHWQH,1130003000,A,England,14.5,18.0,17.5,18.0,14.75,14.75,13.0,9.0,11.75,Normal,0,0,3-5-2,3,5,2,4,2,16,ZUETEUHUUZHUEP,100300,H,36370568,16.7343,Eng,2025-02-14,AIM,CC,16.734340296642536,AoA,N-O-O-MNNNMNNN
68,2025-02-07 20:00:00,90,Europe Cup,San Marino,12.6801,19.6946,12.6801,18.25,9.0,14.5,9.0,11.75,18.25,11.75,7.5,9.75,Attack in the middle,23,0,2-5-3,2,5,3,3,10,17,ZEUEUEQTUQHWQW,1130003000,A,Espana,16.0,14.5,14.25,15.25,14.5,18.25,16.25,11.0,12.25,Play creatively,26,0,3-5-2,3,5,2,3,2,15,UUEHEHQUQHQUQE,1003001300,H,36370543,17.1174,Esp,2025-02-07,AIM,CC,17.117413634934707,AoA,N-O-O-MNNNMNNN
69,2025-02-03 20:00:00,90,Europe Cup,San Marino,14.9222,15.1935,17.9066,13.75,15.5,15.0,15.75,13.75,14.0,16.5,8.0,10.5,Normal,0,0,3-5-2,3,5,2,1,10,16,ZQEUEHHQTQQEHP,3004300,H,MagyarorszÃ¡g,9.75,21.0,24.0,21.75,14.25,12.25,13.75,9.5,12.5,Counter-attacks,18,0,4-4-2,4,4,2,2,-5,11,ZUQEUQQUEUUEQQ,0,A,36370521,13.8416,Mag,2025-02-03,N,CC,13.84163440707306,att,NN-N-NMNNWM-NN
70,2025-01-31 20:00:00,90,Europe Cup,San Marino,15.9409,13.8503,13.8503,15.25,17.25,17.75,17.5,15.25,13.25,13.25,7.75,10.5,Normal,0,0,3-5-2,3,5,2,0,0,16,ZHEUEQQQQTHEWH,3400300,A,Bulgaria,9.5,23.0,25.0,23.0,13.5,12.5,13.25,10.75,13.25,Counter-attacks,19,0,4-4-2,4,4,2,3,-9,14,ZUHEUQQQEUUHEQ,10000,H,36370496,15.0682,Bul,2025-01-31,N,CC,15.068185585405278,bal,NN-N-NMWNNM-NN
71,2025-01-27 20:00:00,90,Europe Cup,San Marino,11.9137,11.4067,11.9137,9.75,22.5,24.75,22.5,11.75,11.25,11.75,8.0,11.0,Counter-attacks,17,0,4-4-2,4,4,2,0,-10,15,ZHUEUUHQEQQEWH,2002000000,A,Danmark,12.75,17.25,17.25,17.25,14.25,15.25,18.75,9.25,11.75,Normal,0,0,3-5-2,3,5,2,2,5,18,UUEUEQUQHHQPEU,3004000,H,36370472,12.5643,Dan,2025-01-27,CA,CC,12.564335264299292,442ca,NDN-NDNN-NN-NN
72,2025-01-24 20:00:00,90,Europe Cup,San Marino,14.5,15.5,14.25,11.75,16.5,16.0,16.5,14.5,15.5,14.25,8.25,10.5,Normal,0,0,3-5-2,3,5,2,1,5,16,ZHEUEUQQUQHPEH,3000300,H,England,8.5,21.25,23.5,21.0,13.75,12.75,14.0,9.5,12.5,Counter-attacks,18,0,4-4-2,4,4,2,2,-6,15,ZHPEUUUQEUQWEU,0,A,36370448,13.9964,Eng,2025-01-24,N,CC,13.99642644431209,bal,NN-N-NMNNNMN-N
73,2025-01-17 20:00:00,90,Friendly,San Marino,,,,4.5,12.0,12.25,13.25,11.25,14.25,9.75,8.5,10.25,Play creatively,18,0,3-4-3,3,4,3,1,0,12,ZUEZEZHQEQTQWW,0,A,Kazakhstan,5.75,17.25,21.5,16.75,9.5,10.25,6.75,6.0,10.75,Counter-attacks,21,0,5-4-1,5,4,1,2,10,11,ZQQUQUHUPUEEQE,0,H,36383062,,Kaz,2025-01-17,PC,F,,343,NN-N-NNN-NNNNN
74,2025-01-10 20:00:00,90,Friendly,San Marino,,,,4.25,5.75,6.75,6.0,8.75,8.0,8.75,8.5,7.25,Play creatively,18,0,4-3-3,4,3,3,2,0,11,HPQEZQHEUEHWZW,0,A,Nepal,5.25,5.0,5.5,6.0,7.75,6.5,7.25,6.0,6.0,Normal,0,0,3-5-2,3,5,2,6,10,4,UQEZETTHZPQQEQ,1010101100,H,36344411,,Nep,2025-01-10,PC,F,,PC,NNN-NNN-N-NNNN
75,2025-01-03 20:00:00,88,Friendly,San Marino,,,,8.0,13.75,13.5,14.5,11.5,14.5,13.75,9.0,10.25,Play creatively,20,0,3-4-3,3,4,3,0,0,15,ZZEHEUQQEHHWWH,2000000000,A,Ozbekiston,10.25,19.5,20.0,17.5,10.75,7.75,10.0,6.0,10.5,Normal,0,0,4-5-1,4,5,1,1,0,11,ZUTEHPTUHPQEQE,0,H,36196444,,Ozb,2025-01-03,PC,F,,343,ND-N-NNN-NNNNN
76,2024-12-27 20:00:00,88,Friendly,San Marino,,,,8.75,9.5,12.25,13.25,10.75,14.75,11.5,8.75,9.0,Play creatively,18,0,2-5-3,2,5,3,1,0,12,UEUEEZQHQQHHPP,200000000,H,Al Maghrib ,8.5,21.75,23.75,20.5,10.25,7.5,7.5,9.75,14.5,Counter-attacks,18,0,4-5-1,4,5,1,4,0,12,UTUEQUQTPPQEWE,10000000,A,35874052,,Al ,2024-12-27,PC,F,,PC,N-N--DNNNNNNNN
77,2024-12-20 20:00:00,88,Friendly,San Marino,,,,7.5,14.25,14.25,14.75,11.5,14.25,14.75,7.75,9.75,Play creatively,18,0,3-4-3,3,4,3,1,0,14,ZZEPEHQHEHHHWW,2000000000,A,Scotland,9.5,17.5,18.75,16.75,12.5,12.25,12.0,6.5,9.75,Normal,0,0,4-4-2,4,4,2,2,0,10,ZQUEHQQUEHQUEP,0,H,35753163,,Sco,2024-12-20,PC,F,,343,ND-N-NNN-NNNNN
78,2024-12-13 20:00:00,88,Friendly,San Marino,,,,7.75,20.0,22.0,19.5,6.5,5.0,8.75,7.5,11.75,Counter-attacks,15,0,5-4-1,5,4,1,5,0,14,ZUZZUUHQEQHEQE,0,A,Bolivia,5.75,5.25,11.75,16.0,8.0,8.0,10.0,8.75,8.75,Counter-attacks,15,0,4-4-2,4,4,2,1,0,10,PTETQPTEQUPEUU,40000000,H,35728142,,Bol,2024-12-13,CA,F,,hardca,NNNNNNNN-NN-N-
79,2024-12-06 20:00:00,88,Friendly,San Marino,,,,7.5,14.75,14.25,14.25,11.25,14.0,11.25,8.75,10.5,Play creatively,19,0,3-4-3,3,4,3,1,0,13,ZZEUEUQHEUHPQH,2020000000,H,Palestine,6.5,20.0,21.5,19.25,8.0,12.0,13.5,7.0,11.0,Counter-attacks,22,0,5-3-2,5,3,2,2,-1,10,UUUHQPETEpHQEH,2040002100,A,35674100,,Pal,2024-12-06,PC,F,,343,ND-N-DNN-NNNNN
80,2024-11-29 20:00:00,88,Friendly,San Marino,,,,9.25,12.5,11.5,14.0,11.0,14.25,13.75,7.0,9.25,Play creatively,19,0,2-5-3,2,5,3,1,0,12,ZUEEEHQQUHHPHP,2000000000,H,Canada,9.25,16.5,17.0,18.5,11.75,12.75,13.0,8.25,11.0,Normal,0,0,3-5-2,3,5,2,2,0,9,ZQEUEZQHQHUQEW,0,A,35630814,,Can,2024-11-29,PC,F,,PC,ND---NNNNNNNNN
81,2024-11-22 20:00:00,88,Friendly,San Marino,,,,6.25,15.25,19.75,18.5,3.75,9.25,11.0,6.75,10.0,Counter-attacks,17,0,5-3-2,5,3,2,0,0,13,ZUUHHUEEQQHWEH,2000000000,A,Viá»‡t Nam,7.75,15.25,14.5,14.75,12.25,12.25,12.0,6.25,8.75,Play creatively,19,0,3-5-2,3,5,2,2,0,9,ZUEPEQQQQHQPQE,0,H,35579095,,Viá»‡,2024-11-22,CA,F,,hardca,NDNNNN--NNNN-N
82,2024-11-15 20:00:00,88,Friendly,San Marino,,,,9.5,15.25,15.75,15.5,11.25,11.25,8.75,7.25,9.5,Play creatively,19,0,3-5-2,3,5,2,3,0,14,ZHEUEZUQQHHEPQ,20000000,H,Cabo Verde,9.0,16.0,17.75,14.25,11.25,8.75,11.5,7.25,10.75,Counter-attacks,16,0,4-5-1,4,5,1,0,5,8,ZHUEHQQQQHUEWE,0,A,35527997,,Cab,2024-11-15,PC,F,,PC,NN-N-DNNNNN-NN
83,2024-11-08 20:00:00,88,Friendly,San Marino,,,,10.25,18.0,19.0,19.75,7.0,9.25,8.5,8.25,10.0,Play creatively,22,0,3-5-2,3,5,2,9,0,14,ZZEUEUUQQQHHEW,2000000000,A,Chinese Taipei,7.75,9.5,10.0,8.0,11.25,11.5,8.75,6.5,5.75,Normal,0,0,4-4-2,4,4,2,0,0,8,HQHEUQQQEQUHEH,0,H,35479046,,Chi,2024-11-08,PC,F,,PC,ND-N-NNNNNNN-N
84,2024-11-01 20:00:00,88,Friendly,San Marino,,,,8.5,14.25,14.0,14.0,12.25,12.0,11.75,7.25,9.5,Play creatively,19,0,3-5-2,3,5,2,2,0,13,ZHEZEHHQQHUPQE,0,H,Botswana,8.25,19.0,22.0,19.75,10.25,10.5,7.25,7.25,10.5,Counter-attacks,20,0,4-4-2,4,4,2,2,-10,11,ZQZEZUQQEUQWEQ,300300,A,35423865,,Bot,2024-11-01,PC,F,,PC,NN-N-NNNNNNNN-
85,2024-10-25 20:00:00,88,Friendly,San Marino,,,,6.75,17.0,19.0,17.5,12.5,11.25,11.5,7.75,10.5,Counter-attacks,13,0,4-4-2,4,4,2,2,0,15,ZHZEUUQQEHHEQP,0,H,Nippon,6.0,23.5,21.75,23.5,14.0,4.5,14.25,7.75,11.5,Counter-attacks,21,0,5-4-1,5,4,1,2,-10,14,UQHQUUZQEHZEEH,404014414,A,35369238,,Nip,2024-10-25,CA,F,,442ca,NNN-NNNN-NN-NN
86,2024-10-18 20:00:00,88,World Cup,San Marino,12.0125,18.2799,14.6239,12.25,10.0,13.0,12.75,11.5,17.5,14.0,8.25,9.75,Normal,0,0,2-5-3,2,5,3,2,10,15,ZEUEEUHQUHQQQW,30003000,A,Hrvatska,7.0,23.0,26.75,23.0,12.75,5.25,13.25,8.5,12.5,Counter-attacks,23,0,5-4-1,5,4,1,2,-10,15,ZQHQPHQUEUQEEQ,40204,H,34468755,14.2316,Hrv,2024-10-18,N,WC1,14.231634215829493,AoA,N-N--NMNNNMNNN
87,2024-10-11 20:00:00,88,World Cup,San Marino,11.7928,18.3444,14.6755,17.0,10.0,13.0,12.5,11.25,17.5,14.0,8.25,9.75,Normal,0,0,2-5-3,2,5,3,2,10,14,ZEUEEUHQUHQQQP,30003000,H,England,7.5,23.0,22.75,24.25,14.5,13.25,14.5,9.25,12.5,Counter-attacks,19,0,4-3-3,4,3,3,3,-10,12,UQPEHQTHEEQWQH,40020000,A,34468710,13.0096,Eng,2024-10-11,N,WC1,13.009610570410992,AoA,N-N--NMNNNMNNN
88,2024-10-04 20:00:00,88,World Cup,San Marino,10.6647,9.3316,11.4646,6.25,23.0,24.25,24.0,10.0,8.75,10.75,7.25,10.5,Counter-attacks,20,0,5-3-2,5,3,2,1,-10,14,ZHUUUHHHEEQQQE,2004202000,A,Saint Vincent and the Grenadines,18.25,12.5,14.5,11.75,11.5,17.75,13.0,9.25,11.0,Normal,0,0,3-5-2,3,5,2,1,9,14,ZUEUEQQPHUQPQE,3103000300,H,34468662,6.024,Sai,2024-10-04,CA,WC1,6.024024945799953,hardca,NDNNWDND--NNN-
89,2024-09-27 20:00:00,88,World Cup,San Marino,11.9126,10.3243,12.1774,7.25,25.25,22.75,24.75,11.25,9.75,11.5,7.75,11.0,Counter-attacks,18,0,5-3-2,5,3,2,0,-10,14,ZHUUHQQEQEHUEH,2404202000,A,Guam,14.5,11.0,14.0,15.0,12.25,17.75,14.5,9.25,11.25,Play creatively,26,0,2-5-3,2,5,3,2,0,20,UEUEEUQUHQQQQP,1030003000,H,34468612,8.7398,Gua,2024-09-27,CA,WC1,8.739763225703726,hardca,NDWNWDN-D-NN-N
90,2024-09-20 20:00:00,88,World Cup,San Marino,13.3253,15.1542,12.2802,17.0,16.0,16.0,15.25,12.75,14.5,11.75,7.5,9.75,Normal,0,0,3-5-2,3,5,2,0,0,14,ZQEUEHHQQTQHEP,3000300,H,Brasil,6.75,25.75,30.25,25.75,13.75,7.0,13.75,8.75,12.75,Counter-attacks,24,0,5-3-2,5,3,2,2,-10,12,ZQTTHHQEUEQQEQ,3400002044,A,34468565,13.4949,Bra,2024-09-20,N,WC1,13.49493704401069,bal,NN-N-NMNNNMN-N
91,2024-09-13 20:00:00,88,World Cup,San Marino,12.7442,14.0718,13.0097,13.75,17.25,17.25,17.5,12.0,13.25,12.25,7.75,10.25,Normal,0,0,3-5-2,3,5,2,1,0,14,ZUEUEHQUQQHHEP,3000300,H,Hrvatska,13.75,19.25,18.5,19.25,12.75,14.5,13.0,8.75,12.0,Normal,0,0,3-5-2,3,5,2,1,-7,15,ZQEHEQQHQUQEQW,103000300,A,34468515,13.3946,Hrv,2024-09-13,N,WC1,13.39462010390859,bal,NN-N-NMNNNMN-N
92,2024-09-06 20:00:00,88,World Cup,San Marino,12.4243,19.413,12.4243,13.25,8.25,13.0,8.25,12.0,18.75,12.0,7.0,9.0,Attack in the middle,22,0,2-5-3,2,5,3,2,10,14,ZEUEUEQQUQUUWH,1130003000,A,England,14.75,19.25,19.0,19.25,13.0,14.25,13.0,8.75,11.5,Normal,0,0,3-5-2,3,5,2,6,0,13,ZHEHEQQUTUQEQQ,30001300,H,34468471,16.4809,Eng,2024-09-06,AIM,WC1,16.48086477060873,AoA,N-O-O-MNNNMNNN
93,2024-08-30 20:00:00,88,World Cup,San Marino,11.9513,13.5449,12.7481,16.25,17.25,17.25,17.0,11.25,12.75,12.0,7.5,10.0,Normal,0,0,3-5-2,3,5,2,2,0,14,ZUEUEHQQQUUPEP,3000300,H,Saint Vincent and the Grenadines,8.25,22.25,26.75,22.75,6.75,14.25,13.0,9.0,12.0,Counter-attacks,22,0,5-3-2,5,3,2,1,-10,14,ZPUQUQEEHHQWQE,2000211000,A,34468422,13.3923,Sai,2024-08-30,N,WC1,13.392272485829366,bal,NN-N-NMNNNMN-N
94,2024-08-26 20:00:00,88,World Cup,San Marino,12.7075,15.0415,12.1888,13.0,17.25,16.5,15.0,12.25,14.5,11.75,7.75,10.0,Normal,0,0,3-5-2,3,5,2,0,0,14,ZUEUEHQQUQUUEP,3000300,H,Guam,12.5,18.5,19.0,18.5,12.5,12.0,12.75,8.0,12.0,Normal,0,0,3-5-2,3,5,2,2,0,19,UUEUEHQQpUHEQQ,103020300,A,34468373,13.9729,Gua,2024-08-26,N,WC1,13.972948169240418,bal,NN-N-NMNNNMN-N
95,2024-08-23 20:00:00,88,World Cup,San Marino,11.2637,12.7655,11.0134,10.5,19.25,19.0,18.25,11.25,12.75,11.0,7.75,10.25,Normal,0,0,3-5-2,3,5,2,0,-10,14,ZUEUEHQQUQQUEW,3000300,A,Brasil,11.75,19.5,20.0,19.25,13.0,13.5,12.75,8.75,11.75,Normal,0,0,3-5-2,3,5,2,2,3,12,UHEHEQQHHHQPEH,3100300,H,34468325,14.9954,Bra,2024-08-23,N,WC1,14.995425848719474,AoD,NN-N-NMNNNMN-N
96,2024-08-16 20:00:00,88,Friendly,San Marino,,,,9.25,20.25,21.5,20.25,10.25,11.0,11.0,7.5,10.0,Counter-attacks,15,0,4-4-2,4,4,2,1,-10,12,UUUEUQQQEQUWEH,3443000000,A,Venezuela,8.25,21.25,22.75,22.75,7.0,6.75,9.25,7.75,11.25,Pressing,13,0,4-5-1,4,5,1,0,-10,9,UTUEQUQQQpUEPE,2002210210,H,34429752,,Ven,2024-08-16,CA,F,,442ca,NMW-WMNN-NNN-N
97,2024-08-09 20:00:00,88,Friendly,San Marino,,,,9.5,21.25,22.25,21.0,9.75,10.5,10.25,7.5,10.0,Counter-attacks,17,0,4-4-2,4,4,2,3,-10,12,UUUEUQQQEQUPEH,3443000000,H,Slovenija,6.75,18.5,18.5,18.5,12.5,11.5,12.75,6.0,9.5,Normal,0,0,3-5-2,3,5,2,0,-10,9,ZHEHETUHTUUHEH,0,A,34392517,,Slo,2024-08-09,CA,F,,442ca,NMW-WMNN-NNN-N
98,2024-08-02 20:00:00,88,Europe Cup,San Marino,11.8637,13.5938,11.3693,8.5,12.0,14.0,13.25,12.0,13.75,11.5,8.0,9.75,Normal,0,0,3-5-2,3,5,2,2,0,12,ZQEQEHHQUQUPEU,3000300,H,ÄŒeskÃ¡ republika,12.75,13.25,12.0,10.25,18.75,19.25,17.5,12.0,12.25,Normal,0,0,2-5-3,2,5,3,3,10,16,UUEEUEUUUUTTWU,130043200,A,34024786,10.5545,ÄŒes,2024-08-02,N,CC,10.554495211996208,bal,NN-N-NMNNNMN-N
99,2024-07-26 20:00:00,88,Europe Cup,San Marino,12.0864,12.6007,11.5721,17.75,16.25,16.75,17.0,11.75,12.25,11.25,7.25,10.0,Normal,0,0,3-5-2,3,5,2,5,0,13,ZHEUEUQUQTQWEH,103000300,A,Malta,17.0,12.75,14.5,11.0,15.0,17.5,11.25,7.5,9.75,Normal,0,0,2-5-3,2,5,3,1,10,12,ZHEEHEUQpUHPQQ,1030203000,H,34024779,15.0797,Mal,2024-07-26,N,CC,15.079693895499055,bal,NN-O-NMNNNMN-N
100,2024-07-19 20:00:00,88,Europe Cup,San Marino,9.077,8.0685,8.5728,13.75,21.0,23.75,20.75,9.0,8.0,8.5,6.5,10.25,Normal,0,0,4-5-1,4,5,1,1,-10,13,ZHUEUUQHTQQEPE,2002300030,H,Italia,16.5,18.0,17.0,18.25,13.25,15.0,13.75,9.5,11.75,Normal,0,0,3-5-2,3,5,2,3,0,15,UHEUEUQUHHQWQE,103010300,A,34024738,13.2285,Ita,2024-07-19,N,CC,13.228460327195414,AoD,NDN-NDMNNNM-N-
101,2024-07-12 20:00:00,88,Europe Cup,San Marino,12.1991,13.9418,12.1991,13.25,15.5,16.25,16.0,12.25,14.0,12.25,7.0,9.5,Normal,0,0,3-5-2,3,5,2,1,0,13,ZHEUEUQTQHQPEH,3000300,H,Danmark,10.5,22.25,26.0,23.0,12.5,11.25,12.25,8.75,12.0,Counter-attacks,18,0,4-4-2,4,4,2,2,-10,15,UUHEUQUHEHUUQE,0,A,34024714,13.4544,Dan,2024-07-12,N,CC,13.454391630201991,bal,NN-N-NMNNNMN-N
102,2024-07-05 20:00:00,88,Europe Cup,San Marino,11.6166,12.1217,12.3742,15.5,17.0,16.75,16.75,11.5,12.0,12.25,6.75,10.0,Normal,0,0,3-5-2,3,5,2,2,0,12,ZUEUEHQQTHQWEH,103000300,A,Liechtenstein,17.5,10.25,13.25,13.25,13.25,19.75,17.75,8.0,9.5,Normal,0,0,2-5-3,2,5,3,1,10,12,ZEQEEPHHTHHPHU,30000000,H,34024689,14.9224,Lie,2024-07-05,N,CC,14.92243887012676,bal,NN-O-NMNNNMN-N
103,2024-06-28 20:00:00,88,Europe Cup,San Marino,12.425,13.4393,12.6786,16.0,16.25,16.5,16.75,12.25,13.25,12.5,7.25,9.75,Normal,0,0,3-5-2,3,5,2,1,0,12,ZUEUEHQQQUQWEH,3000300,A,ÄŒeskÃ¡ republika,10.75,20.5,22.25,20.25,10.25,17.25,17.25,11.75,13.25,Counter-attacks,19,0,4-3-3,4,3,3,1,-5,14,UQUEUUEQEQUQUQ,2000000000,H,34024664,14.2488,ÄŒes,2024-06-28,N,CC,14.248762475285206,bal,NN-N-NMNNNMN-N
104,2024-06-24 20:00:00,88,Europe Cup,San Marino,11.6947,13.254,12.2145,14.75,16.0,16.5,16.5,11.25,12.75,11.75,7.25,9.5,Normal,0,0,3-5-2,3,5,2,4,0,13,ZUEUEHQQQTQPEU,3000300,H,Malta,14.5,16.5,17.0,16.0,12.5,14.25,13.5,8.25,11.25,Normal,0,0,3-5-2,3,5,2,2,0,12,UQEPEHHHHQQEQW,113000300,A,34024642,13.4724,Mal,2024-06-24,N,CC,13.472436425350836,bal,NN-N-NMNNNMN-N
105,2024-06-21 20:00:00,88,Europe Cup,San Marino,10.4924,12.4909,10.4924,12.25,19.5,18.5,17.0,10.5,12.5,10.5,7.0,9.5,Normal,0,0,3-5-2,3,5,2,1,-10,13,ZHEUEQHQUQQWEU,2023000300,A,Italia,15.5,11.0,14.0,15.0,12.25,19.0,15.5,10.0,11.0,Normal,0,0,2-5-3,2,5,3,4,10,13,UEHEEUQUHUHPHU,1030003000,H,34024618,14.418,Ita,2024-06-21,N,CC,14.418049262048228,AoD,ND-N-DMNNNMN-N
106,2024-06-17 20:00:00,88,Europe Cup,San Marino,11.5849,17.86,11.5849,13.0,8.0,13.0,8.5,12.0,18.5,12.0,6.5,9.0,Attack in the middle,21,0,2-5-3,2,5,3,1,10,13,ZEUEUEQQQUHWWU,1130003000,A,Danmark,12.75,11.5,15.25,15.0,13.25,18.25,20.0,9.0,10.75,Normal,0,0,3-4-3,3,4,3,3,10,16,UEHHEUQEHUQPQU,1103043000,H,34024594,16.7524,Dan,2024-06-17,AIM,CC,16.75244701906572,AoA,N-O-O-MNNNMNNN
107,2024-06-14 20:00:00,88,Europe Cup,San Marino,10.75,11.5,11.25,11.5,17.5,18.5,17.75,10.75,11.5,11.25,7.25,10.25,Normal,0,0,3-5-2,3,5,2,4,0,13,ZUEUEHQQQUHPEU,3000300,H,Liechtenstein,11.0,17.25,16.0,15.75,12.25,13.0,12.5,8.25,10.5,Play creatively,25,0,3-5-2,3,5,2,1,-10,14,ZZEUEUHHHUHWEU,103000300,A,34024570,13.6986,Lie,2024-06-14,N,CC,13.6986301369863,bal,NN-N-NMNNNMN-N
108,2024-06-07 20:00:00,88,Friendly,San Marino,,,,9.0,14.0,13.0,14.0,9.0,12.0,10.5,7.0,8.75,Play creatively,19,0,3-5-2,3,5,2,6,0,8,ZUEHEHUQQUQQEU,103000300,H,Prathet Thai,6.75,13.25,10.25,13.5,15.25,16.5,17.75,8.5,9.25,Normal,0,0,2-5-3,2,5,3,1,10,9,ZQEEEPUHUUQWHU,2200000004,A,34035605,,Pra,2024-06-07,PC,F,,PC,NN-O-NMNNNMN-N
109,2024-05-31 20:00:00,88,Friendly,San Marino,,,,8.25,12.5,12.0,12.5,10.75,11.75,10.5,6.5,8.25,Play creatively,16,0,3-5-2,3,5,2,1,0,6,UUEUEHQUQQHQEP,103000300,H,Puerto Rico,7.75,15.0,18.0,17.75,8.0,13.75,13.25,8.0,10.25,Counter-attacks,15,0,4-3-3,4,3,3,3,0,9,ZZPEPQEEZHUTWH,200,A,34003313,,Pue,2024-05-31,PC,F,,PC,NN-O-NMNNNMN-N
110,2024-05-24 20:00:00,86,Friendly,San Marino,,,,10.75,14.75,14.0,15.25,11.75,12.25,12.0,6.75,9.5,Play creatively,19,0,3-5-2,3,5,2,2,0,11,ZUEUEHQHQHHHEP,103000300,H,Malta,7.5,21.25,22.0,19.25,11.75,11.0,11.75,6.0,9.5,Counter-attacks,18,0,4-4-2,4,4,2,1,-10,10,ZHTEUQQQETUQEQ,0,A,33847905,,Mal,2024-05-24,PC,F,,PC,NN-O-NMNNNMN-N
111,2024-05-17 20:00:00,86,Friendly,San Marino,,,,10.75,16.25,15.5,17.0,10.0,10.75,10.5,7.0,9.5,Play creatively,19,0,3-5-2,3,5,2,4,0,11,ZUEUEHQQQHHQEW,103000300,A,Brunei,6.75,17.25,19.75,15.75,9.0,8.5,8.75,7.75,10.75,Normal,0,0,5-4-1,5,4,1,0,3,10,UUTQUUHPEPQEUE,101300010,H,33501132,,Bru,2024-05-17,PC,F,,PC,NN-O-NMNNNMN-N
112,2024-05-10 20:00:00,86,Friendly,San Marino,,,,10.0,15.0,14.25,15.5,11.75,13.0,12.0,7.0,9.75,Play creatively,19,0,3-5-2,3,5,2,5,0,11,ZUEUEHQHQHHQEP,103000300,H,Pakistan,9.5,14.0,14.0,14.25,14.25,16.0,11.5,9.0,10.5,Normal,0,0,3-4-3,3,4,3,2,10,10,ZHESESZTpEZQWQ,20020300,A,33374826,,Pak,2024-05-10,PC,F,,PC,NN-O-NMNNNMN-N
113,2024-05-03 20:00:00,86,Nations Cup,San Marino,11.2998,11.2998,11.802,14.5,16.25,16.0,15.75,11.25,11.25,11.75,6.75,9.75,Normal,0,0,3-5-2,3,5,2,2,0,12,ZUEUEHQTQTHPEH,103000300,H,El Salvador,10.75,16.75,17.0,16.25,12.5,11.25,12.75,8.0,10.75,Normal,0,0,3-5-2,3,5,2,0,-2,14,ZQETEPQpUZQQEW,200000,A,33341148,12.3652,El ,2024-05-03,N,NC,12.36517295497451,bal,NN-O-NMNNNMN-N
114,2024-04-26 20:00:00,86,Nations Cup,San Marino,10.6307,11.4086,11.1493,13.5,17.25,17.0,17.0,10.25,11.0,10.75,7.0,10.25,Normal,0,0,3-5-2,3,5,2,2,0,12,ZUEUEHUHQTHWEH,103000300,A,Severna Makedonija,5.75,20.25,23.25,20.5,16.5,13.0,6.25,7.5,10.25,Counter-attacks,18,0,5-3-2,5,3,2,0,-10,10,ZZZHHTUUUEEQUE,214100,H,33298323,14.9948,Sev,2024-04-26,N,NC,14.99483983622708,bal,NN-O-NMNNNMN-N
115,2024-04-19 20:00:00,86,Nations Cup,San Marino,12.3157,14.0061,11.8327,14.25,14.75,13.75,12.75,12.75,14.5,12.25,7.25,9.75,Play creatively,20,0,3-5-2,3,5,2,0,0,11,ZUEUEHQTQTHPEH,103000300,H,Puerto Rico,14.0,17.5,17.75,17.25,8.75,10.0,10.5,6.75,9.5,Normal,0,0,3-5-2,3,5,2,4,0,12,ZUEPEHUZpHUEHW,2003021000,A,33256749,12.7289,Pue,2024-04-19,PC,NC,12.72892936568618,PC,NN-O-NMNNNMN-N
116,2024-04-12 20:00:00,86,Nations Cup,San Marino,10.2537,10.5038,11.004,14.5,17.5,17.75,17.5,10.25,10.5,11.0,6.5,10.0,Normal,0,0,3-5-2,3,5,2,3,0,11,ZUEUEHQHQTHPEH,103000300,H,Misr,13.25,15.75,14.25,13.75,15.0,12.75,12.75,6.5,9.0,Normal,0,0,3-5-2,3,5,2,0,2,11,ZHEHEQQUTZTWEU,10000,A,33215948,12.3384,Mis,2024-04-12,N,NC,12.338353282826354,bal,NN-O-NMNNNMN-N
117,2024-04-05 20:00:00,86,Nations Cup,San Marino,14.3303,14.8421,14.5862,12.5,13.0,13.25,13.25,14.0,14.5,14.25,7.5,9.5,Play creatively,22,0,3-4-3,3,4,3,4,10,11,UUEUEHUQEUHPQH,0,H,Myanmar,5.5,20.0,21.25,20.5,10.75,8.25,11.5,6.25,9.5,Counter-attacks,17,0,5-3-2,5,3,2,2,-10,8,ZQHPHQHEHEUHEH,4012100,A,33173490,10.0163,Mya,2024-04-05,PC,NC,10.01632010867298,343,NN-N-NNN-NNNNN
118,2024-03-29 20:00:00,86,Nations Cup,San Marino,12.5156,14.0175,12.5156,12.75,14.75,14.25,14.0,12.5,14.0,12.5,7.25,9.25,Normal,0,0,3-5-2,3,5,2,1,0,12,UQEUEHUQTUUWEH,103000300,A,Brunei,12.5,14.25,14.25,15.25,12.0,12.25,13.75,7.5,10.0,Normal,0,0,3-5-2,3,5,2,3,10,10,ZZEUEZUUUHHUQE,100000000,H,33129474,15.247,Bru,2024-03-29,N,NC,15.246980002666328,bal,NN-O-NMNNNMN-N
119,2024-03-22 20:00:00,86,Nations Cup,San Marino,11.8056,13.3797,12.068,13.5,14.5,15.5,15.25,11.25,12.75,11.5,7.25,9.25,Play creatively,21,0,3-4-3,3,4,3,4,5,12,UQEUEHUTEUHHWH,3003000,A,Myanmar,5.25,19.5,21.5,19.5,11.0,8.5,11.5,6.25,9.25,Counter-attacks,17,0,5-3-2,5,3,2,0,-10,8,ZQHHHQHEHEUUEH,4012100,H,33084881,12.731,Mya,2024-03-22,PC,NC,12.731048676611511,343,NN-N-NMN-NMNNN
120,2024-03-15 20:00:00,86,Nations Cup,San Marino,11.5941,17.6547,15.0197,13.25,7.5,11.0,12.5,11.0,16.75,14.25,7.5,8.5,Play creatively,22,0,2-5-3,2,5,3,1,10,11,UEEUEQQUTQUHPH,1030003000,H,Puerto Rico,11.75,19.0,19.5,19.25,8.75,8.5,8.5,6.0,9.75,Normal,0,0,3-5-2,3,5,2,2,-6,12,ZUEPEHUUPZQHEU,3000300,A,33037941,12.6135,Pue,2024-03-15,PC,NC,12.613503954502791,AoA,N--O-NMNNNMNNN
121,2024-03-08 20:00:00,86,Nations Cup,San Marino,12.733,13.7941,11.9372,12.25,15.5,15.25,14.0,12.0,13.0,11.25,7.0,9.0,Normal,0,0,3-5-2,3,5,2,1,0,12,UQEUEHUTTUQWEH,3000300,A,Haiti,13.25,17.0,16.75,16.75,6.25,10.0,15.5,7.25,9.75,Normal,0,0,3-5-2,3,5,2,2,0,13,ZQEZEHHTTPUEZQ,2003104104,H,32992050,14.527,Hai,2024-03-08,N,NC,14.527041032676758,bal,NN-N-NMNNNMN-N
122,2024-03-01 20:00:00,86,Nations Cup,San Marino,11.5617,17.471,14.6448,15.75,9.5,12.5,11.75,11.25,17.0,14.25,7.5,8.5,Normal,0,0,2-5-3,2,5,3,0,10,12,UEUEEQUUQTQHPH,30003000,H,Misr,7.0,25.0,23.5,26.25,11.5,5.75,15.25,7.0,10.5,Counter-attacks,21,0,5-3-2,5,3,2,3,-10,11,ZQTUHHUEEZQHEU,404004044,A,32927640,12.2735,Mis,2024-03-01,N,NC,12.273506174280785,AoA,N-N--NMNNNMNNN
123,2024-02-23 20:00:00,86,Nations Cup,San Marino,12.4367,12.6905,12.1829,13.25,14.25,14.75,14.5,12.25,12.5,12.0,7.0,9.25,Normal,0,0,3-5-2,3,5,2,0,5,12,UHEUEQQUTQUHWE,3000300,A,Äªtyoppya,12.0,17.75,17.0,17.5,9.5,11.75,12.25,8.0,10.25,Normal,0,0,3-5-2,3,5,2,1,-5,11,ZTEUEUUQUUQQPE,3001000,H,32894760,14.7694,Äªty,2024-02-23,N,NC,14.769421113306416,bal,NN-N-NMNNNMNN-
124,2024-02-16 20:00:00,86,Nations Cup,San Marino,13.5932,15.3553,10.8242,13.0,12.25,12.5,9.5,13.5,15.25,10.75,6.0,8.5,Normal,0,0,2-5-3,2,5,3,2,10,11,UHEEUEQTTUUHQW,30003000,A,Cymru,12.75,13.5,17.5,15.75,9.0,12.75,15.0,6.75,10.25,Normal,0,0,3-5-2,3,5,2,3,1,11,ZEZHETUQUQQEQP,103010400,H,32859339,14.5577,Cym,2024-02-16,N,NC,14.55770667060759,AoA,NN--N-MNNNMNNN
125,2024-02-09 20:00:00,86,Nations Cup,San Marino,14.1371,16.4091,13.8846,10.75,13.25,13.25,13.0,14.0,16.25,13.75,7.75,9.0,Normal,0,0,3-4-3,3,4,3,3,10,12,UHEUEQUQEUUPQH,3003000,H,Viá»‡t Nam,10.0,15.0,15.0,15.25,14.5,14.5,13.75,8.75,10.5,Normal,0,0,3-5-2,3,5,2,3,10,10,ZZEPEQQQQPQWEU,0,A,32817235,10.1348,Viá»‡,2024-02-09,N,NC,10.13484390756723,343,NN-N-NMN-NMNNN
126,2024-02-02 20:00:00,86,Nations Cup,San Marino,12.2208,13.4678,11.4726,12.75,15.75,15.0,13.0,12.25,13.5,11.5,7.25,9.25,Normal,0,0,3-5-2,3,5,2,1,0,11,UQEUEHUTTUUWQE,3000300,A,Comoros,12.25,18.75,19.0,18.75,9.25,13.5,13.75,7.75,11.25,Normal,0,0,3-5-2,3,5,2,2,0,13,ZQEQEQUZHZQTEZ,2003000000,H,32650977,14.7573,Com,2024-02-02,N,NC,14.7572586158719,bal,NN-N-NMNNNMNN-
127,2024-01-26 20:00:00,86,Nations Cup,San Marino,10.5523,12.5156,11.2886,11.75,12.75,14.75,15.0,10.75,12.75,11.5,7.5,9.25,Play creatively,21,0,3-5-2,3,5,2,2,-5,11,UHEUEQQUQTUEQW,3000300,A,Al Yaman,12.25,15.0,16.0,15.75,14.75,16.0,14.75,8.25,11.25,Normal,0,0,3-5-2,3,5,2,3,10,14,ZTEPEQHZHZUEQP,3000300,H,32243586,14.4457,Al ,2024-01-26,PC,NC,14.4456568590239,PC,NN-N-NMNNNM-NN
128,2024-01-19 20:00:00,86,Nations Cup,San Marino,10.5,12.25,11.5,11.5,13.0,15.5,15.75,10.5,12.25,11.5,7.0,9.25,Normal,0,0,3-5-2,3,5,2,4,0,11,UHEUEQQTQTUEQP,3000300,H,Myanmar,10.0,14.0,14.25,13.5,13.25,12.5,12.25,6.5,8.5,Normal,0,0,3-5-2,3,5,2,2,0,8,ZHEHEQHHHHUEHU,300,A,32165722,12.6179,Mya,2024-01-19,N,NC,12.61793422096675,bal,NN-N-NMNNNM-NN
129,2024-01-12 20:00:00,86,Nations Cup,San Marino,9.0,8.0,9.25,10.75,17.75,19.0,17.75,9.0,8.0,9.25,6.5,9.5,Normal,0,0,4-5-1,4,5,1,1,-10,11,UQUEUHUTTQQEPE,100300030,H,Osterreich,10.0,17.0,15.75,17.0,16.25,17.0,17.0,9.0,11.5,Normal,0,0,3-5-2,3,5,2,1,2,16,UQEUEUQUQHQEQU,11000,A,32145755,12.8052,Ost,2024-01-12,N,NC,12.805241215008934,AoD,NNO-NNMNNNM-N-
130,2024-01-05 20:00:00,86,Friendly,San Marino,,,,7.75,19.75,21.75,20.25,9.0,8.25,8.75,6.5,9.25,Counter-attacks,15,0,4-4-2,4,4,2,3,-10,9,ZHQEUUQHEUUHEW,0,A,MÃ©xico,8.0,14.25,11.75,15.0,15.0,16.75,15.5,8.0,9.5,Normal,0,0,2-5-3,2,5,3,1,5,8,ZHEEEUQHQQHUHU,0,H,32103960,,MÃ©x,2024-01-05,CA,F,,442ca,NNN-NNNN-NNN-N
131,2023-12-29 20:00:00,86,Friendly,San Marino,,,,6.75,18.75,20.25,18.75,10.0,9.25,9.5,6.5,9.5,Counter-attacks,15,0,4-4-2,4,4,2,0,-10,9,ZHQEUUQHEUUHEP,0,H,El Salvador,7.25,16.25,16.5,17.0,11.0,10.0,10.75,7.5,9.75,Normal,0,0,3-5-2,3,5,2,1,-10,10,ZQEPEQQUUHQQEZ,0,A,32058394,,El ,2023-12-29,CA,F,,442ca,NNN-NNNN-NNN-N
132,2023-12-22 20:00:00,86,Europe Cup,San Marino,15.5347,16.8512,16.5879,14.75,11.25,9.5,11.5,14.75,16.0,15.75,7.5,8.75,Normal,0,0,2-5-3,2,5,3,1,10,11,UQEEEHQTQTUUPT,10001000,H,England,9.25,23.0,24.25,22.75,12.25,13.25,12.5,9.0,11.75,Counter-attacks,18,0,4-4-2,4,4,2,4,-10,10,ZTPETHQTETQUEU,1000,A,31659074,11.2606,Eng,2023-12-22,N,CC,11.260635939665542,AoA,NN---NONNNONNN
133,2023-12-15 20:00:00,86,Europe Cup,San Marino,9.8158,14.0604,9.8158,16.25,6.75,10.75,6.75,9.25,13.25,9.25,5.25,7.5,Attack in the middle,17,0,2-5-3,2,5,3,2,10,9,UEUEHEQTQTUWUH,1130003000,A,Andorra,8.5,19.75,22.0,19.25,16.75,5.25,13.5,8.5,11.5,Counter-attacks,16,0,4-4-2,4,4,2,3,-1,12,UUUEUQQUEUUHEZ,3400144044,H,31659052,15.618,And,2023-12-15,AIM,CC,15.618025500967777,AoA,N-O-O-MNNNMNNN
134,2023-12-08 20:00:00,86,Europe Cup,San Marino,8.7938,7.1949,7.1949,12.5,17.75,21.25,19.75,8.25,6.75,6.75,6.25,10.0,Normal,0,0,4-5-1,4,5,1,0,-10,11,ZHHEQUQUQHUEPE,3402300230,H,Slovensko,14.0,17.25,16.75,17.25,14.75,16.0,14.75,10.75,13.25,Normal,0,0,3-5-2,3,5,2,1,1,13,ZUEHEHZHHHHUEW,103000300,A,31659028,12.4859,Slo,2023-12-08,N,CC,12.485865403895302,AoD,NMW-NDMNNDM-N-
135,2023-12-01 20:00:00,86,Europe Cup,San Marino,12.1583,11.618,11.8882,15.75,13.75,14.5,15.5,11.25,10.75,11.0,6.5,9.25,Normal,0,0,3-5-2,3,5,2,1,0,10,ZHEUEQQUTQUHEP,0,H,Belarus,6.5,22.0,20.25,22.5,15.5,13.25,15.0,8.0,11.0,Counter-attacks,21,0,5-3-2,5,3,2,2,-2,13,ZQTQUHTEQEQHEH,404011100,A,31659003,12.4087,Bel,2023-12-01,N,CC,12.408749689847404,bal,NN-N-NNNNNNN-N
136,2023-11-24 20:00:00,86,Europe Cup,San Marino,9.1044,7.4977,7.2299,12.25,18.5,20.75,19.25,8.5,7.0,6.75,6.25,10.0,Normal,0,0,4-5-1,4,5,1,0,-10,11,ZHHEUUQUQHUEWE,3412300230,A,Rossiya,14.75,18.25,17.0,17.75,13.25,12.0,13.0,7.5,11.0,Normal,0,0,3-5-2,3,5,2,3,4,17,ZPESEUHQSHQETU,103000320,H,31658980,14.0483,Ros,2023-11-24,N,CC,14.04829112252322,AoD,NMW-ODMNNDM-N-
137,2023-11-17 20:00:00,86,Europe Cup,San Marino,11.527,13.0988,11.7889,16.5,14.75,13.75,13.25,11.0,12.5,11.25,7.0,9.5,Normal,0,0,3-5-2,3,5,2,0,0,10,ZQEUEHUQTUQWEH,103000300,A,England,11.25,20.0,19.0,20.75,15.5,13.25,16.75,9.5,12.25,Counter-attacks,18,0,4-4-2,4,4,2,3,0,14,ZQQEUQQEHHZUZE,1441000000,H,31658956,14.694,Eng,2023-11-17,N,CC,14.694036302637867,bal,NN-O-NMNNNMN-N
138,2023-11-13 20:00:00,86,Europe Cup,San Marino,11.3674,13.4823,12.4248,14.5,12.5,13.5,15.0,10.75,12.75,11.75,7.25,9.25,Normal,0,0,3-5-2,3,5,2,1,0,11,ZHEUEQQUTQUHEP,103000000,H,Andorra,9.25,19.75,22.0,19.75,14.5,7.75,14.0,8.5,11.25,Counter-attacks,16,0,4-4-2,4,4,2,1,-10,11,UQUEUUQHEHUHEZ,43000044,A,31658932,13.2441,And,2023-11-13,N,CC,13.244090045260146,bal,NN-O-NMNNNNN-N
139,2023-11-10 20:00:00,86,Europe Cup,San Marino,9.2032,7.3625,7.3625,12.5,18.5,20.0,19.25,8.75,7.0,7.0,7.0,10.25,Normal,0,0,4-5-1,4,5,1,1,-10,10,ZHQEUUQUTQUEWE,3412300030,A,Slovensko,13.75,15.5,13.0,15.5,16.0,18.5,16.0,10.75,12.5,Normal,0,0,2-5-3,2,5,3,2,3,15,ZZEEEUQHQZZUZP,30003000,H,31658908,14.7123,Slo,2023-11-10,N,CC,14.712295165355332,AoD,NMW-ODMNNNM-N-
140,2023-11-06 20:00:00,86,Europe Cup,San Marino,10.5,11.5,10.0,11.25,15.75,15.5,16.5,10.5,11.5,10.0,7.0,9.25,Normal,0,0,3-5-2,3,5,2,0,-10,11,ZHEUEQQUTQUHEW,103000300,A,Belarus,11.5,16.0,14.75,16.75,14.5,18.25,15.0,9.25,11.5,Normal,0,0,3-5-2,3,5,2,3,5,11,ZUEPEHTZPQHHEH,111000,H,31658884,14.4973,Bel,2023-11-06,N,CC,14.497309920345334,AoD,NN-O-NMNNNMN-N
141,2023-11-03 20:00:00,86,Europe Cup,San Marino,11.25,11.75,10.25,11.25,15.75,15.0,16.0,11.25,11.75,10.25,7.0,9.5,Normal,0,0,3-5-2,3,5,2,1,-5,11,ZHEUEQQUTQUHEP,103000300,H,Rossiya,6.0,23.75,21.25,23.75,19.0,9.0,18.75,7.5,11.25,Counter-attacks,24,0,5-3-2,5,3,2,1,0,15,ZPZTUHHQEEQEQH,404004004,A,31658860,13.4008,Ros,2023-11-03,N,CC,13.400833829660511,bal,NN-O-NMNNNMN-N
